#
# There is insufficient memory for the Java Runtime Environment to continue.
# Native memory allocation (mmap) failed to map 295698432 bytes. Error detail: G1 virtual space
# Possible reasons:
#   The system is out of physical RAM or swap space
#   This process is running with CompressedOops enabled, and the Java Heap may be blocking the growth of the native heap
# Possible solutions:
#   Reduce memory load on the system
#   Increase physical memory or swap space
#   Check if swap backing store is full
#   Decrease Java heap size (-Xmx/-Xms)
#   Decrease number of Java threads
#   Decrease Java thread stack sizes (-Xss)
#   Set larger code cache with -XX:ReservedCodeCacheSize=
#   JVM is running with Unscaled Compressed Oops mode in which the Java heap is
#     placed in the first 4GB address space. The Java Heap base address is the
#     maximum limit for the native heap growth. Please use -XX:HeapBaseMinAddress
#     to set the Java Heap base and to place the Java Heap above 4GB virtual address.
# This output file may be truncated or incomplete.
#
#  Out of Memory Error (os_windows.cpp:3702), pid=8292, tid=13948
#
# JRE version: OpenJDK Runtime Environment Microsoft-14653939 (17.0.20+8) (build 17.0.20+8-LTS)
# Java VM: OpenJDK 64-Bit Server VM Microsoft-14653939 (17.0.20+8-LTS, mixed mode, sharing, tiered, compressed oops, compressed class ptrs, g1 gc, windows-amd64)
# No core dump will be written. Minidumps are not enabled by default on client versions of Windows
#

---------------  S U M M A R Y ------------

Command Line: --add-opens=java.base/java.lang=ALL-UNNAMED --add-opens=java.base/java.lang.invoke=ALL-UNNAMED --add-opens=java.base/java.util=ALL-UNNAMED --add-opens=java.prefs/java.util.prefs=ALL-UNNAMED --add-exports=jdk.compiler/com.sun.tools.javac.api=ALL-UNNAMED --add-exports=jdk.compiler/com.sun.tools.javac.util=ALL-UNNAMED --add-opens=java.base/java.util=ALL-UNNAMED --add-opens=java.prefs/java.util.prefs=ALL-UNNAMED --add-opens=java.base/java.nio.charset=ALL-UNNAMED --add-opens=java.base/java.net=ALL-UNNAMED --add-opens=java.base/java.util.concurrent=ALL-UNNAMED --add-opens=java.base/java.util.concurrent.atomic=ALL-UNNAMED --add-opens=java.xml/javax.xml.namespace=ALL-UNNAMED --add-opens=java.base/java.time=ALL-UNNAMED -Xmx2048m -Dfile.encoding=UTF-8 -Duser.country=VN -Duser.language=vi -Duser.variant -javaagent:C:\Users\Quyet Guic\.gradle\wrapper\dists\gradle-9.3.0-bin\79n14ral3mx1ozqr3csh2u872\gradle-9.3.0\lib\agents\gradle-instrumentation-agent-9.3.0.jar org.gradle.launcher.daemon.bootstrap.GradleDaemon 9.3.0

Host: Intel(R) Xeon(R) CPU E3-1220 V2 @ 3.10GHz, 4 cores, 7G,  Windows 11 , 64 bit Build 26100 (10.0.26100.712)
Time: Mon Aug 17 10:41:42 2026 SE Asia Standard Time elapsed time: 883.316051 seconds (0d 0h 14m 43s)

---------------  T H R E A D  ---------------

Current thread (0x00000221e2b7b760):  VMThread "VM Thread" [stack: 0x00000095a1400000,0x00000095a1500000] [id=13948]

Stack: [0x00000095a1400000,0x00000095a1500000]
Native frames: (J=compiled Java code, j=interpreted, Vv=VM code, C=native code)
V  [jvm.dll+0x68d159]  (no source info available)
V  [jvm.dll+0x8462c9]  (no source info available)
V  [jvm.dll+0x84803b]  (no source info available)
V  [jvm.dll+0x8486c3]  (no source info available)
V  [jvm.dll+0x24d12f]  (no source info available)
V  [jvm.dll+0x68c559]  (no source info available)
V  [jvm.dll+0x68084a]  (no source info available)
V  [jvm.dll+0x3103f0]  (no source info available)
V  [jvm.dll+0x310292]  (no source info available)
V  [jvm.dll+0x317809]  (no source info available)
V  [jvm.dll+0x369b89]  (no source info available)
V  [jvm.dll+0x369dbd]  (no source info available)
V  [jvm.dll+0x2e6bfa]  (no source info available)
V  [jvm.dll+0x2e4ff1]  (no source info available)
V  [jvm.dll+0x2e478c]  (no source info available)
V  [jvm.dll+0x3294b1]  (no source info available)
V  [jvm.dll+0x84cf4d]  (no source info available)
V  [jvm.dll+0x84dc63]  (no source info available)
V  [jvm.dll+0x84e194]  (no source info available)
V  [jvm.dll+0x84e578]  (no source info available)
V  [jvm.dll+0x84e66e]  (no source info available)
V  [jvm.dll+0x7f67dc]  (no source info available)
V  [jvm.dll+0x68e6f7]  (no source info available)
C  [ucrtbase.dll+0x14ea0]  (no source info available)
C  [KERNEL32.DLL+0x31fd7]  (no source info available)
C  [ntdll.dll+0xda95c]  (no source info available)

VM_Operation (0x00000095a67fadc0): G1TryInitiateConcMark, mode: safepoint, requested by thread 0x00000221e7f5af60


---------------  P R O C E S S  ---------------

Threads class SMR info:
_java_thread_list=0x00000221edb8f630, length=114, elements={
0x00000221c4f23ca0, 0x00000221e2b80f00, 0x00000221e2b819d0, 0x00000221e2b94510,
0x00000221e2b96df0, 0x00000221e2b97e60, 0x00000221e2b98ed0, 0x00000221e2b9f780,
0x00000221e2ba2870, 0x00000221e2ba7190, 0x00000221e2b699c0, 0x00000221e2d669a0,
0x00000221e8dff190, 0x00000221e7b155f0, 0x00000221e7bbf5a0, 0x00000221e88639a0,
0x00000221e88601f0, 0x00000221e8861b40, 0x00000221e8862560, 0x00000221eb6759b0,
0x00000221eb674570, 0x00000221eb674060, 0x00000221eb674f90, 0x00000221eb6768e0,
0x00000221eb92c8c0, 0x00000221eb930070, 0x00000221e7f57cc0, 0x00000221e7f56880,
0x00000221e7f572a0, 0x00000221eb92dd00, 0x00000221e7f5c8b0, 0x00000221eb92cdd0,
0x00000221eb6763d0, 0x00000221eb676df0, 0x00000221eb677300, 0x00000221eb677810,
0x00000221eb674a80, 0x00000221f3b239e0, 0x00000221f3b24400, 0x00000221f3b25330,
0x00000221f3b22fc0, 0x00000221f3b23ef0, 0x00000221f3b24910, 0x00000221f3b24e20,
0x00000221f3b225a0, 0x00000221f3b25840, 0x00000221f3b22090, 0x00000221f3b25d50,
0x00000221f3b26260, 0x00000221f3b22ab0, 0x00000221f3b234d0, 0x00000221f3b26770,
0x00000221f3b27190, 0x00000221f3b29a10, 0x00000221f3b28ff0, 0x00000221f3b280c0,
0x00000221f3b26c80, 0x00000221eb92af70, 0x00000221eb92b480, 0x00000221eb92a550,
0x00000221eb92b990, 0x00000221eb92d2e0, 0x00000221eb92c3b0, 0x00000221eb92d7f0,
0x00000221eb92a040, 0x00000221eb930fa0, 0x00000221eb92e210, 0x00000221eb92f140,
0x00000221eb92e720, 0x00000221eb92ec30, 0x00000221eb92f650, 0x00000221eb92fb60,
0x00000221e7f5b980, 0x00000221e7f5be90, 0x00000221e7f5a540, 0x00000221e7f59b20,
0x00000221e7f5af60, 0x00000221e7f5dcf0, 0x00000221e7f5d7e0, 0x00000221e8861120,
0x00000221e8862050, 0x00000221e8863490, 0x00000221e8860700, 0x00000221ecc03ac0,
0x00000221ecc05e30, 0x00000221ecc05920, 0x00000221f33726a0, 0x00000221f3371770,
0x00000221f336fe20, 0x00000221f3370330, 0x00000221f336f910, 0x00000221f3371260,
0x00000221f3370d50, 0x00000221f3371c80, 0x00000221f3372190, 0x00000221f3372bb0,
0x00000221f3374a10, 0x00000221f3376870, 0x00000221f33730c0, 0x00000221f33735d0,
0x00000221f3375940, 0x00000221f3374500, 0x00000221f3375430, 0x00000221f4b5d540,
0x00000221f4b5d030, 0x00000221f4b5ee90, 0x00000221f4b607e0, 0x00000221f4b60cf0,
0x00000221f4b5fdc0, 0x00000221e9ef5ff0, 0x00000221f4b5e980, 0x00000221f4b649b0,
0x00000221f4b63a80, 0x00000221f4b63f90
}

Java Threads: ( => current thread )
  0x00000221c4f23ca0 JavaThread "main" [_thread_blocked, id=11188, stack(0x00000095a0e00000,0x00000095a0f00000)]
  0x00000221e2b80f00 JavaThread "Reference Handler" daemon [_thread_blocked, id=13428, stack(0x00000095a1500000,0x00000095a1600000)]
  0x00000221e2b819d0 JavaThread "Finalizer" daemon [_thread_blocked, id=15292, stack(0x00000095a1600000,0x00000095a1700000)]
  0x00000221e2b94510 JavaThread "Signal Dispatcher" daemon [_thread_blocked, id=5588, stack(0x00000095a1700000,0x00000095a1800000)]
  0x00000221e2b96df0 JavaThread "Attach Listener" daemon [_thread_blocked, id=9820, stack(0x00000095a1800000,0x00000095a1900000)]
  0x00000221e2b97e60 JavaThread "Service Thread" daemon [_thread_blocked, id=14468, stack(0x00000095a1900000,0x00000095a1a00000)]
  0x00000221e2b98ed0 JavaThread "Monitor Deflation Thread" daemon [_thread_blocked, id=9536, stack(0x00000095a1a00000,0x00000095a1b00000)]
  0x00000221e2b9f780 JavaThread "C2 CompilerThread0" daemon [_thread_blocked, id=5592, stack(0x00000095a1b00000,0x00000095a1c00000)]
  0x00000221e2ba2870 JavaThread "C1 CompilerThread0" daemon [_thread_blocked, id=8224, stack(0x00000095a1c00000,0x00000095a1d00000)]
  0x00000221e2ba7190 JavaThread "Sweeper thread" daemon [_thread_blocked, id=11636, stack(0x00000095a1d00000,0x00000095a1e00000)]
  0x00000221e2b699c0 JavaThread "Common-Cleaner" daemon [_thread_blocked, id=11776, stack(0x00000095a1e00000,0x00000095a1f00000)]
  0x00000221e2d669a0 JavaThread "Notification Thread" daemon [_thread_blocked, id=7900, stack(0x00000095a1f00000,0x00000095a2000000)]
  0x00000221e8dff190 JavaThread "Daemon health stats" [_thread_blocked, id=3004, stack(0x00000095a2500000,0x00000095a2600000)]
  0x00000221e7b155f0 JavaThread "Incoming local TCP Connector on port 53455" [_thread_in_native, id=11068, stack(0x00000095a2600000,0x00000095a2700000)]
  0x00000221e7bbf5a0 JavaThread "Daemon periodic checks" [_thread_blocked, id=10736, stack(0x00000095a2700000,0x00000095a2800000)]
  0x00000221e88639a0 JavaThread "Cache worker for journal cache (C:\Users\Quyet Guic\.gradle\caches\journal-1)" [_thread_blocked, id=744, stack(0x00000095a2f00000,0x00000095a3000000)]
  0x00000221e88601f0 JavaThread "File lock request listener" [_thread_in_native, id=11664, stack(0x00000095a3000000,0x00000095a3100000)]
  0x00000221e8861b40 JavaThread "Cache worker for file hash cache (C:\Users\Quyet Guic\.gradle\caches\9.3.0\fileHashes)" [_thread_blocked, id=3784, stack(0x00000095a3100000,0x00000095a3200000)]
  0x00000221e8862560 JavaThread "File watcher server" daemon [_thread_blocked, id=1088, stack(0x00000095a3400000,0x00000095a3500000)]
  0x00000221eb6759b0 JavaThread "File watcher consumer" daemon [_thread_blocked, id=9516, stack(0x00000095a3500000,0x00000095a3600000)]
  0x00000221eb674570 JavaThread "Cache worker for file content cache (C:\Users\Quyet Guic\.gradle\caches\9.3.0\fileContent)" [_thread_blocked, id=12308, stack(0x00000095a3600000,0x00000095a3700000)]
  0x00000221eb674060 JavaThread "jar transforms" [_thread_blocked, id=5404, stack(0x00000095a3a00000,0x00000095a3b00000)]
  0x00000221eb674f90 JavaThread "jar transforms Thread 2" [_thread_blocked, id=6880, stack(0x00000095a3b00000,0x00000095a3c00000)]
  0x00000221eb6768e0 JavaThread "jar transforms Thread 3" [_thread_blocked, id=5788, stack(0x00000095a3d00000,0x00000095a3e00000)]
  0x00000221eb92c8c0 JavaThread "jar transforms Thread 4" [_thread_blocked, id=14356, stack(0x00000095a4400000,0x00000095a4500000)]
  0x00000221eb930070 JavaThread "Memory manager" [_thread_blocked, id=9512, stack(0x00000095a5300000,0x00000095a5400000)]
  0x00000221e7f57cc0 JavaThread "pool-3-thread-1" [_thread_blocked, id=9356, stack(0x00000095a5500000,0x00000095a5600000)]
  0x00000221e7f56880 JavaThread "Daemon Thread 2" [_thread_blocked, id=6080, stack(0x00000095a0a00000,0x00000095a0b00000)]
  0x00000221e7f572a0 JavaThread "Daemon worker Thread 2" [_thread_blocked, id=13932, stack(0x00000095a2400000,0x00000095a2500000)]
  0x00000221eb92dd00 JavaThread "pool-6-thread-1" [_thread_blocked, id=10564, stack(0x00000095a4b00000,0x00000095a4c00000)]
  0x00000221e7f5c8b0 JavaThread "pool-9-thread-1" [_thread_blocked, id=6060, stack(0x00000095a4f00000,0x00000095a5000000)]
  0x00000221eb92cdd0 JavaThread "pool-12-thread-1" [_thread_blocked, id=6684, stack(0x00000095a5000000,0x00000095a5100000)]
  0x00000221eb6763d0 JavaThread "Handler for socket connection from /127.0.0.1:53455 to /127.0.0.1:62449" [_thread_in_native, id=7276, stack(0x00000095a2900000,0x00000095a2a00000)]
  0x00000221eb676df0 JavaThread "Cancel handler" [_thread_blocked, id=12020, stack(0x00000095a2a00000,0x00000095a2b00000)]
  0x00000221eb677300 JavaThread "Asynchronous log dispatcher for DefaultDaemonConnection: socket connection from /127.0.0.1:53455 to /127.0.0.1:62449" [_thread_blocked, id=10760, stack(0x00000095a2b00000,0x00000095a2c00000)]
  0x00000221eb677810 JavaThread "Stdin handler" [_thread_blocked, id=13036, stack(0x00000095a2c00000,0x00000095a2d00000)]
  0x00000221eb674a80 JavaThread "Daemon client event forwarder" [_thread_blocked, id=15108, stack(0x00000095a2d00000,0x00000095a2e00000)]
  0x00000221f3b239e0 JavaThread "Cache worker for file hash cache (D:\PJADEDSTUDIO\pushnoti\android_app\.gradle\9.3.0\fileHashes)" [_thread_blocked, id=14840, stack(0x00000095a2e00000,0x00000095a2f00000)]
  0x00000221f3b24400 JavaThread "Cache worker for Build Output Cleanup Cache (D:\PJADEDSTUDIO\pushnoti\android_app\.gradle\buildOutputCleanup)" [_thread_blocked, id=1596, stack(0x00000095a3200000,0x00000095a3300000)]
  0x00000221f3b25330 JavaThread "Cache worker for checksums cache (D:\PJADEDSTUDIO\pushnoti\android_app\.gradle\9.3.0\checksums)" [_thread_blocked, id=3908, stack(0x00000095a3300000,0x00000095a3400000)]
  0x00000221f3b22fc0 JavaThread "Cache worker for cache directory md-supplier (C:\Users\Quyet Guic\.gradle\caches\9.3.0\md-supplier)" [_thread_blocked, id=1744, stack(0x00000095a3700000,0x00000095a3800000)]
  0x00000221f3b23ef0 JavaThread "Cache worker for cache directory md-rule (C:\Users\Quyet Guic\.gradle\caches\9.3.0\md-rule)" [_thread_blocked, id=3288, stack(0x00000095a3800000,0x00000095a3900000)]
  0x00000221f3b24910 JavaThread "Unconstrained build operations" [_thread_blocked, id=9752, stack(0x00000095a3900000,0x00000095a3a00000)]
  0x00000221f3b24e20 JavaThread "Unconstrained build operations Thread 2" [_thread_blocked, id=1632, stack(0x00000095a3e00000,0x00000095a3f00000)]
  0x00000221f3b225a0 JavaThread "Unconstrained build operations Thread 3" [_thread_blocked, id=11760, stack(0x00000095a3f00000,0x00000095a4000000)]
  0x00000221f3b25840 JavaThread "Unconstrained build operations Thread 4" [_thread_blocked, id=9268, stack(0x00000095a4100000,0x00000095a4200000)]
  0x00000221f3b22090 JavaThread "Unconstrained build operations Thread 5" [_thread_blocked, id=12848, stack(0x00000095a4200000,0x00000095a4300000)]
  0x00000221f3b25d50 JavaThread "Unconstrained build operations Thread 6" [_thread_blocked, id=9408, stack(0x00000095a4500000,0x00000095a4600000)]
  0x00000221f3b26260 JavaThread "Unconstrained build operations Thread 7" [_thread_blocked, id=1104, stack(0x00000095a4600000,0x00000095a4700000)]
  0x00000221f3b22ab0 JavaThread "Unconstrained build operations Thread 8" [_thread_blocked, id=6736, stack(0x00000095a4700000,0x00000095a4800000)]
  0x00000221f3b234d0 JavaThread "Unconstrained build operations Thread 9" [_thread_blocked, id=5812, stack(0x00000095a4800000,0x00000095a4900000)]
  0x00000221f3b26770 JavaThread "Unconstrained build operations Thread 10" [_thread_blocked, id=10468, stack(0x00000095a4900000,0x00000095a4a00000)]
  0x00000221f3b27190 JavaThread "Unconstrained build operations Thread 11" [_thread_blocked, id=8408, stack(0x00000095a4a00000,0x00000095a4b00000)]
  0x00000221f3b29a10 JavaThread "Unconstrained build operations Thread 12" [_thread_blocked, id=1016, stack(0x00000095a4c00000,0x00000095a4d00000)]
  0x00000221f3b28ff0 JavaThread "Problems report writer" [_thread_blocked, id=7192, stack(0x00000095a4d00000,0x00000095a4e00000)]
  0x00000221f3b280c0 JavaThread "build event listener" [_thread_blocked, id=12224, stack(0x00000095a4e00000,0x00000095a4f00000)]
  0x00000221f3b26c80 JavaThread "build event listener" [_thread_blocked, id=196, stack(0x00000095a5200000,0x00000095a5300000)]
  0x00000221eb92af70 JavaThread "pool-15-thread-1" [_thread_blocked, id=4220, stack(0x00000095a5400000,0x00000095a5500000)]
  0x00000221eb92b480 JavaThread "build event listener" [_thread_blocked, id=6644, stack(0x00000095a5600000,0x00000095a5700000)]
  0x00000221eb92a550 JavaThread "included builds" [_thread_blocked, id=11744, stack(0x00000095a5700000,0x00000095a5800000)]
  0x00000221eb92b990 JavaThread "Execution worker" [_thread_blocked, id=6940, stack(0x00000095a5800000,0x00000095a5900000)]
  0x00000221eb92d2e0 JavaThread "Execution worker Thread 2" [_thread_blocked, id=7484, stack(0x00000095a5900000,0x00000095a5a00000)]
  0x00000221eb92c3b0 JavaThread "Execution worker Thread 3" [_thread_blocked, id=7328, stack(0x00000095a5a00000,0x00000095a5b00000)]
  0x00000221eb92d7f0 JavaThread "Cache worker for execution history cache (D:\PJADEDSTUDIO\pushnoti\android_app\.gradle\9.3.0\executionHistory)" [_thread_blocked, id=14044, stack(0x00000095a5b00000,0x00000095a5c00000)]
  0x00000221eb92a040 JavaThread "Unconstrained build operations Thread 13" [_thread_blocked, id=11076, stack(0x00000095a5c00000,0x00000095a5d00000)]
  0x00000221eb930fa0 JavaThread "Unconstrained build operations Thread 14" [_thread_blocked, id=1564, stack(0x00000095a5d00000,0x00000095a5e00000)]
  0x00000221eb92e210 JavaThread "Unconstrained build operations Thread 15" [_thread_blocked, id=592, stack(0x00000095a5e00000,0x00000095a5f00000)]
  0x00000221eb92f140 JavaThread "Unconstrained build operations Thread 16" [_thread_blocked, id=14876, stack(0x00000095a5f00000,0x00000095a6000000)]
  0x00000221eb92e720 JavaThread "Unconstrained build operations Thread 17" [_thread_blocked, id=6516, stack(0x00000095a6000000,0x00000095a6100000)]
  0x00000221eb92ec30 JavaThread "Unconstrained build operations Thread 18" [_thread_blocked, id=6248, stack(0x00000095a6100000,0x00000095a6200000)]
  0x00000221eb92f650 JavaThread "WorkerExecutor Queue" [_thread_blocked, id=11336, stack(0x00000095a6200000,0x00000095a6300000)]
  0x00000221eb92fb60 JavaThread "Unconstrained build operations Thread 19" [_thread_blocked, id=10672, stack(0x00000095a4300000,0x00000095a4400000)]
  0x00000221e7f5b980 JavaThread "Unconstrained build operations Thread 20" [_thread_blocked, id=14012, stack(0x00000095a6300000,0x00000095a6400000)]
  0x00000221e7f5be90 JavaThread "Unconstrained build operations Thread 21" [_thread_blocked, id=12436, stack(0x00000095a6400000,0x00000095a6500000)]
  0x00000221e7f5a540 JavaThread "WorkerExecutor Queue Thread 2" [_thread_blocked, id=6560, stack(0x00000095a6500000,0x00000095a6600000)]
  0x00000221e7f59b20 JavaThread "WorkerExecutor Queue Thread 3" [_thread_blocked, id=3468, stack(0x00000095a6600000,0x00000095a6700000)]
  0x00000221e7f5af60 JavaThread "WorkerExecutor Queue Thread 4" [_thread_blocked, id=5628, stack(0x00000095a6700000,0x00000095a6800000)]
  0x00000221e7f5dcf0 JavaThread "Unconstrained build operations Thread 22" [_thread_blocked, id=3804, stack(0x00000095a6800000,0x00000095a6900000)]
  0x00000221e7f5d7e0 JavaThread "Unconstrained build operations Thread 23" [_thread_blocked, id=2784, stack(0x00000095a6900000,0x00000095a6a00000)]
  0x00000221e8861120 JavaThread "pool-16-thread-1" [_thread_blocked, id=1212, stack(0x00000095a6a00000,0x00000095a6b00000)]
  0x00000221e8862050 JavaThread "stderr" [_thread_in_native, id=2856, stack(0x00000095a6b00000,0x00000095a6c00000)]
  0x00000221e8863490 JavaThread "stderr" [_thread_in_native, id=6760, stack(0x00000095a6c00000,0x00000095a6d00000)]
  0x00000221e8860700 JavaThread "stderr" [_thread_in_native, id=2180, stack(0x00000095a6d00000,0x00000095a6e00000)]
  0x00000221ecc03ac0 JavaThread "stdout" [_thread_in_native, id=5352, stack(0x00000095a6e00000,0x00000095a6f00000)]
  0x00000221ecc05e30 JavaThread "stdout" [_thread_in_native, id=5836, stack(0x00000095a6f00000,0x00000095a7000000)]
  0x00000221ecc05920 JavaThread "stdout" [_thread_in_native, id=2652, stack(0x00000095a7000000,0x00000095a7100000)]
  0x00000221f33726a0 JavaThread "Unconstrained build operations Thread 24" [_thread_blocked, id=11516, stack(0x00000095a7100000,0x00000095a7200000)]
  0x00000221f3371770 JavaThread "Unconstrained build operations Thread 25" [_thread_blocked, id=11456, stack(0x00000095a7200000,0x00000095a7300000)]
  0x00000221f336fe20 JavaThread "Unconstrained build operations Thread 26" [_thread_blocked, id=10948, stack(0x00000095a7300000,0x00000095a7400000)]
  0x00000221f3370330 JavaThread "Unconstrained build operations Thread 27" [_thread_blocked, id=8420, stack(0x00000095a7400000,0x00000095a7500000)]
  0x00000221f336f910 JavaThread "Unconstrained build operations Thread 28" [_thread_blocked, id=4864, stack(0x00000095a7500000,0x00000095a7600000)]
  0x00000221f3371260 JavaThread "Unconstrained build operations Thread 29" [_thread_blocked, id=6348, stack(0x00000095a7600000,0x00000095a7700000)]
  0x00000221f3370d50 JavaThread "Unconstrained build operations Thread 30" [_thread_blocked, id=13284, stack(0x00000095a7700000,0x00000095a7800000)]
  0x00000221f3371c80 JavaThread "Unconstrained build operations Thread 31" [_thread_blocked, id=13652, stack(0x00000095a7800000,0x00000095a7900000)]
  0x00000221f3372190 JavaThread "Unconstrained build operations Thread 32" [_thread_blocked, id=13308, stack(0x00000095a7900000,0x00000095a7a00000)]
  0x00000221f3372bb0 JavaThread "Unconstrained build operations Thread 33" [_thread_blocked, id=13960, stack(0x00000095a7a00000,0x00000095a7b00000)]
  0x00000221f3374a10 JavaThread "Unconstrained build operations Thread 34" [_thread_blocked, id=14740, stack(0x00000095a7b00000,0x00000095a7c00000)]
  0x00000221f3376870 JavaThread "Unconstrained build operations Thread 35" [_thread_blocked, id=13576, stack(0x00000095a7c00000,0x00000095a7d00000)]
  0x00000221f33730c0 JavaThread "Unconstrained build operations Thread 36" [_thread_blocked, id=6620, stack(0x00000095a7d00000,0x00000095a7e00000)]
  0x00000221f33735d0 JavaThread "Unconstrained build operations Thread 37" [_thread_blocked, id=11564, stack(0x00000095a7e00000,0x00000095a7f00000)]
  0x00000221f3375940 JavaThread "Unconstrained build operations Thread 38" [_thread_blocked, id=9552, stack(0x00000095a7f00000,0x00000095a8000000)]
  0x00000221f3374500 JavaThread "Unconstrained build operations Thread 39" [_thread_blocked, id=13440, stack(0x00000095a8000000,0x00000095a8100000)]
  0x00000221f3375430 JavaThread "Unconstrained build operations Thread 40" [_thread_blocked, id=1020, stack(0x00000095a8100000,0x00000095a8200000)]
  0x00000221f4b5d540 JavaThread "RMI Scheduler(0)" daemon [_thread_blocked, id=9236, stack(0x00000095a4000000,0x00000095a4100000)]
  0x00000221f4b5d030 JavaThread "RMI GC Daemon" daemon [_thread_blocked, id=5800, stack(0x00000095a8400000,0x00000095a8500000)]
  0x00000221f4b5ee90 JavaThread "RMI TCP Accept-0" daemon [_thread_in_native, id=11152, stack(0x00000095a8500000,0x00000095a8600000)]
  0x00000221f4b607e0 JavaThread "RMI Reaper" [_thread_blocked, id=12892, stack(0x00000095a8600000,0x00000095a8700000)]
  0x00000221f4b60cf0 JavaThread "RMI TCP Connection(1)-127.0.0.1" daemon [_thread_in_native, id=9288, stack(0x00000095a8900000,0x00000095a8a00000)]
  0x00000221f4b5fdc0 JavaThread "Cache worker for Java compile cache (C:\Users\Quyet Guic\.gradle\caches\9.3.0\javaCompile)" [_thread_blocked, id=5300, stack(0x00000095a2800000,0x00000095a2900000)]
  0x00000221e9ef5ff0 JavaThread "C2 CompilerThread1" daemon [_thread_blocked, id=5480, stack(0x00000095a0b00000,0x00000095a0c00000)]
  0x00000221f4b5e980 JavaThread "Build operations" [_thread_blocked, id=4540, stack(0x00000095a5100000,0x00000095a5200000)]
  0x00000221f4b649b0 JavaThread "Build operations Thread 2" [_thread_blocked, id=5692, stack(0x00000095a8300000,0x00000095a8400000)]
  0x00000221f4b63a80 JavaThread "Build operations Thread 3" [_thread_blocked, id=10424, stack(0x00000095a8800000,0x00000095a8900000)]
  0x00000221f4b63f90 JavaThread "WorkerExecutor Queue Thread 6" [_thread_blocked, id=1832, stack(0x00000095a8b00000,0x00000095a8c00000)]

Other Threads:
=>0x00000221e2b7b760 VMThread "VM Thread" [stack: 0x00000095a1400000,0x00000095a1500000] [id=13948]
  0x00000221e2d66e80 WatcherThread [stack: 0x00000095a2000000,0x00000095a2100000] [id=8488]
  0x00000221c4f82020 GCTaskThread "GC Thread#0" [stack: 0x00000095a0f00000,0x00000095a1000000] [id=10724]
  0x00000221e2e2d460 GCTaskThread "GC Thread#1" [stack: 0x00000095a2100000,0x00000095a2200000] [id=8908]
  0x00000221e2e2c650 GCTaskThread "GC Thread#2" [stack: 0x00000095a2200000,0x00000095a2300000] [id=10428]
  0x00000221e2e2cbf0 GCTaskThread "GC Thread#3" [stack: 0x00000095a2300000,0x00000095a2400000] [id=11628]
  0x00000221c4f93c00 ConcurrentGCThread "G1 Main Marker" [stack: 0x00000095a1000000,0x00000095a1100000] [id=14944]
  0x00000221c4f950a0 ConcurrentGCThread "G1 Conc#0" [stack: 0x00000095a1100000,0x00000095a1200000] [id=9972]
  0x00000221e2a224d0 ConcurrentGCThread "G1 Refine#0" [stack: 0x00000095a1200000,0x00000095a1300000] [id=4624]
  0x00000221e7fc5e50 ConcurrentGCThread "G1 Refine#1" [stack: 0x00000095a3c00000,0x00000095a3d00000] [id=14296]
  0x00000221f3944560 ConcurrentGCThread "G1 Refine#2" [stack: 0x00000095a8200000,0x00000095a8300000] [id=8600]
  0x00000221f3944860 ConcurrentGCThread "G1 Refine#3" [stack: 0x00000095a8700000,0x00000095a8800000] [id=9532]
  0x00000221e2a23cd0 ConcurrentGCThread "G1 Service" [stack: 0x00000095a1300000,0x00000095a1400000] [id=4856]

Threads with active compile tasks:
C2 CompilerThread0  883369 31406       4       com.android.tools.r8.graph.D2$$Lambda$3081/0x000002218246f090::accept (12 bytes)
C2 CompilerThread1  883369 31407       4       com.android.tools.r8.graph.D2::a (11 bytes)

VM state: at safepoint (normal execution)

VM Mutex/Monitor currently owned by a thread:  ([mutex/lock_event])
[0x00000221c4f1f3e0] Threads_lock - owner thread: 0x00000221e2b7b760
[0x00000221c4f1f2c0] Heap_lock - owner thread: 0x00000221e7f5af60

Heap address: 0x0000000080000000, size: 2048 MB, Compressed Oops mode: 32-bit

CDS archive(s) mapped at: [0x0000022180000000-0x0000022180bb0000-0x0000022180bb0000), size 12255232, SharedBaseAddress: 0x0000022180000000, ArchiveRelocationMode: 1.
Compressed class space mapped at: 0x0000022181000000-0x00000221c1000000, reserved size: 1073741824
Narrow klass base: 0x0000022180000000, Narrow klass shift: 0, Narrow klass range: 0x100000000

GC Precious Log:
 CPUs: 4 total, 4 available
 Memory: 8157M
 Large Page Support: Disabled
 NUMA Support: Disabled
 Compressed Oops: Enabled (32-bit)
 Heap Region Size: 1M
 Heap Min Capacity: 8M
 Heap Initial Capacity: 128M
 Heap Max Capacity: 2G
 Pre-touch: Disabled
 Parallel Workers: 4
 Concurrent Workers: 1
 Concurrent Refinement Workers: 4
 Periodic GC: Disabled

Heap:
 garbage-first heap   total 788480K, used 275436K [0x0000000080000000, 0x0000000100000000)
  region size 1024K, 7 young (7168K), 7 survivors (7168K)
 Metaspace       used 187792K, committed 189568K, reserved 1245184K
  class space    used 23998K, committed 24896K, reserved 1048576K

Heap Regions: E=young(eden), S=young(survivor), O=old, HS=humongous(starts), HC=humongous(continues), CS=collection set, F=free, OA=open archive, CA=closed archive, TAMS=top-at-mark-start (previous, next)
|   0|0x0000000080000000, 0x0000000080100000, 0x0000000080100000|100%|HS|  |TAMS 0x0000000080100000, 0x0000000080100000| Complete 
|   1|0x0000000080100000, 0x0000000080200000, 0x0000000080200000|100%|HC|  |TAMS 0x0000000080200000, 0x0000000080200000| Complete 
|   2|0x0000000080200000, 0x0000000080300000, 0x0000000080300000|100%|HC|  |TAMS 0x0000000080300000, 0x0000000080300000| Complete 
|   3|0x0000000080300000, 0x0000000080400000, 0x0000000080400000|100%|HC|  |TAMS 0x0000000080400000, 0x0000000080400000| Complete 
|   4|0x0000000080400000, 0x0000000080500000, 0x0000000080500000|100%| O|  |TAMS 0x0000000080500000, 0x0000000080500000| Untracked 
|   5|0x0000000080500000, 0x0000000080600000, 0x0000000080600000|100%| O|  |TAMS 0x0000000080600000, 0x0000000080600000| Untracked 
|   6|0x0000000080600000, 0x0000000080700000, 0x0000000080700000|100%| O|  |TAMS 0x0000000080700000, 0x0000000080700000| Untracked 
|   7|0x0000000080700000, 0x0000000080800000, 0x0000000080800000|100%|HS|  |TAMS 0x0000000080800000, 0x0000000080800000| Complete 
|   8|0x0000000080800000, 0x0000000080900000, 0x0000000080900000|100%| O|  |TAMS 0x0000000080900000, 0x0000000080900000| Untracked 
|   9|0x0000000080900000, 0x0000000080a00000, 0x0000000080a00000|100%| O|  |TAMS 0x0000000080a00000, 0x0000000080a00000| Untracked 
|  10|0x0000000080a00000, 0x0000000080b00000, 0x0000000080b00000|100%| O|  |TAMS 0x0000000080b00000, 0x0000000080b00000| Untracked 
|  11|0x0000000080b00000, 0x0000000080c00000, 0x0000000080c00000|100%| O|  |TAMS 0x0000000080c00000, 0x0000000080c00000| Untracked 
|  12|0x0000000080c00000, 0x0000000080d00000, 0x0000000080d00000|100%| O|  |TAMS 0x0000000080d00000, 0x0000000080d00000| Untracked 
|  13|0x0000000080d00000, 0x0000000080e00000, 0x0000000080e00000|100%| O|  |TAMS 0x0000000080e00000, 0x0000000080e00000| Untracked 
|  14|0x0000000080e00000, 0x0000000080f00000, 0x0000000080f00000|100%| O|  |TAMS 0x0000000080f00000, 0x0000000080f00000| Untracked 
|  15|0x0000000080f00000, 0x0000000081000000, 0x0000000081000000|100%| O|  |TAMS 0x0000000081000000, 0x0000000081000000| Untracked 
|  16|0x0000000081000000, 0x0000000081100000, 0x0000000081100000|100%| O|  |TAMS 0x0000000081100000, 0x0000000081100000| Untracked 
|  17|0x0000000081100000, 0x0000000081200000, 0x0000000081200000|100%| O|  |TAMS 0x0000000081200000, 0x0000000081200000| Untracked 
|  18|0x0000000081200000, 0x0000000081300000, 0x0000000081300000|100%| O|  |TAMS 0x0000000081300000, 0x0000000081300000| Untracked 
|  19|0x0000000081300000, 0x0000000081400000, 0x0000000081400000|100%| O|  |TAMS 0x0000000081400000, 0x0000000081400000| Untracked 
|  20|0x0000000081400000, 0x0000000081500000, 0x0000000081500000|100%| O|  |TAMS 0x0000000081500000, 0x0000000081500000| Untracked 
|  21|0x0000000081500000, 0x0000000081600000, 0x0000000081600000|100%| O|  |TAMS 0x0000000081600000, 0x0000000081600000| Untracked 
|  22|0x0000000081600000, 0x0000000081700000, 0x0000000081700000|100%| O|  |TAMS 0x0000000081700000, 0x0000000081700000| Untracked 
|  23|0x0000000081700000, 0x0000000081800000, 0x0000000081800000|100%| O|  |TAMS 0x0000000081800000, 0x0000000081800000| Untracked 
|  24|0x0000000081800000, 0x0000000081900000, 0x0000000081900000|100%| O|  |TAMS 0x0000000081900000, 0x0000000081900000| Untracked 
|  25|0x0000000081900000, 0x0000000081a00000, 0x0000000081a00000|100%| O|  |TAMS 0x0000000081a00000, 0x0000000081a00000| Untracked 
|  26|0x0000000081a00000, 0x0000000081b00000, 0x0000000081b00000|100%| O|  |TAMS 0x0000000081b00000, 0x0000000081b00000| Untracked 
|  27|0x0000000081b00000, 0x0000000081c00000, 0x0000000081c00000|100%| O|  |TAMS 0x0000000081c00000, 0x0000000081c00000| Untracked 
|  28|0x0000000081c00000, 0x0000000081d00000, 0x0000000081d00000|100%| O|  |TAMS 0x0000000081d00000, 0x0000000081d00000| Untracked 
|  29|0x0000000081d00000, 0x0000000081e00000, 0x0000000081e00000|100%| O|  |TAMS 0x0000000081e00000, 0x0000000081e00000| Untracked 
|  30|0x0000000081e00000, 0x0000000081f00000, 0x0000000081f00000|100%| O|  |TAMS 0x0000000081f00000, 0x0000000081f00000| Untracked 
|  31|0x0000000081f00000, 0x0000000082000000, 0x0000000082000000|100%| O|  |TAMS 0x0000000082000000, 0x0000000082000000| Untracked 
|  32|0x0000000082000000, 0x0000000082100000, 0x0000000082100000|100%| O|  |TAMS 0x0000000082100000, 0x0000000082100000| Untracked 
|  33|0x0000000082100000, 0x0000000082200000, 0x0000000082200000|100%| O|  |TAMS 0x0000000082200000, 0x0000000082200000| Untracked 
|  34|0x0000000082200000, 0x0000000082300000, 0x0000000082300000|100%| O|  |TAMS 0x0000000082300000, 0x0000000082300000| Untracked 
|  35|0x0000000082300000, 0x0000000082400000, 0x0000000082400000|100%| O|  |TAMS 0x0000000082400000, 0x0000000082400000| Untracked 
|  36|0x0000000082400000, 0x0000000082500000, 0x0000000082500000|100%| O|  |TAMS 0x0000000082500000, 0x0000000082500000| Untracked 
|  37|0x0000000082500000, 0x0000000082600000, 0x0000000082600000|100%| O|  |TAMS 0x0000000082600000, 0x0000000082600000| Untracked 
|  38|0x0000000082600000, 0x0000000082700000, 0x0000000082700000|100%| O|  |TAMS 0x0000000082700000, 0x0000000082700000| Untracked 
|  39|0x0000000082700000, 0x0000000082800000, 0x0000000082800000|100%| O|  |TAMS 0x0000000082800000, 0x0000000082800000| Untracked 
|  40|0x0000000082800000, 0x0000000082900000, 0x0000000082900000|100%| O|  |TAMS 0x0000000082900000, 0x0000000082900000| Untracked 
|  41|0x0000000082900000, 0x0000000082a00000, 0x0000000082a00000|100%| O|  |TAMS 0x0000000082900000, 0x0000000082a00000| Untracked 
|  42|0x0000000082a00000, 0x0000000082b00000, 0x0000000082b00000|100%| O|  |TAMS 0x0000000082b00000, 0x0000000082b00000| Untracked 
|  43|0x0000000082b00000, 0x0000000082c00000, 0x0000000082c00000|100%| O|  |TAMS 0x0000000082c00000, 0x0000000082c00000| Untracked 
|  44|0x0000000082c00000, 0x0000000082d00000, 0x0000000082d00000|100%| O|  |TAMS 0x0000000082c00000, 0x0000000082d00000| Untracked 
|  45|0x0000000082d00000, 0x0000000082e00000, 0x0000000082e00000|100%| O|  |TAMS 0x0000000082e00000, 0x0000000082e00000| Untracked 
|  46|0x0000000082e00000, 0x0000000082f00000, 0x0000000082f00000|100%| O|  |TAMS 0x0000000082f00000, 0x0000000082f00000| Untracked 
|  47|0x0000000082f00000, 0x0000000083000000, 0x0000000083000000|100%| O|  |TAMS 0x0000000083000000, 0x0000000083000000| Untracked 
|  48|0x0000000083000000, 0x0000000083100000, 0x0000000083100000|100%|HS|  |TAMS 0x0000000083100000, 0x0000000083100000| Complete 
|  49|0x0000000083100000, 0x0000000083200000, 0x0000000083200000|100%|HS|  |TAMS 0x0000000083200000, 0x0000000083200000| Complete 
|  50|0x0000000083200000, 0x0000000083300000, 0x0000000083300000|100%|HC|  |TAMS 0x0000000083300000, 0x0000000083300000| Complete 
|  51|0x0000000083300000, 0x0000000083400000, 0x0000000083400000|100%|HS|  |TAMS 0x0000000083400000, 0x0000000083400000| Complete 
|  52|0x0000000083400000, 0x0000000083500000, 0x0000000083500000|100%|HS|  |TAMS 0x0000000083500000, 0x0000000083500000| Complete 
|  53|0x0000000083500000, 0x0000000083600000, 0x0000000083600000|100%| O|  |TAMS 0x0000000083600000, 0x0000000083600000| Untracked 
|  54|0x0000000083600000, 0x0000000083700000, 0x0000000083700000|100%| O|  |TAMS 0x0000000083700000, 0x0000000083700000| Untracked 
|  55|0x0000000083700000, 0x0000000083800000, 0x0000000083800000|100%|HS|  |TAMS 0x0000000083800000, 0x0000000083800000| Complete 
|  56|0x0000000083800000, 0x0000000083900000, 0x0000000083900000|100%|HC|  |TAMS 0x0000000083900000, 0x0000000083900000| Complete 
|  57|0x0000000083900000, 0x0000000083a00000, 0x0000000083a00000|100%|HC|  |TAMS 0x0000000083a00000, 0x0000000083a00000| Complete 
|  58|0x0000000083a00000, 0x0000000083b00000, 0x0000000083b00000|100%|HC|  |TAMS 0x0000000083b00000, 0x0000000083b00000| Complete 
|  59|0x0000000083b00000, 0x0000000083c00000, 0x0000000083c00000|100%|HS|  |TAMS 0x0000000083c00000, 0x0000000083c00000| Complete 
|  60|0x0000000083c00000, 0x0000000083d00000, 0x0000000083d00000|100%| O|  |TAMS 0x0000000083d00000, 0x0000000083d00000| Untracked 
|  61|0x0000000083d00000, 0x0000000083e00000, 0x0000000083e00000|100%| O|  |TAMS 0x0000000083e00000, 0x0000000083e00000| Untracked 
|  62|0x0000000083e00000, 0x0000000083f00000, 0x0000000083f00000|100%| O|  |TAMS 0x0000000083f00000, 0x0000000083f00000| Untracked 
|  63|0x0000000083f00000, 0x0000000084000000, 0x0000000084000000|100%| O|  |TAMS 0x0000000084000000, 0x0000000084000000| Untracked 
|  64|0x0000000084000000, 0x0000000084100000, 0x0000000084100000|100%| O|  |TAMS 0x0000000084100000, 0x0000000084100000| Untracked 
|  65|0x0000000084100000, 0x0000000084200000, 0x0000000084200000|100%| O|  |TAMS 0x0000000084200000, 0x0000000084200000| Untracked 
|  66|0x0000000084200000, 0x0000000084300000, 0x0000000084300000|100%| O|  |TAMS 0x0000000084300000, 0x0000000084300000| Untracked 
|  67|0x0000000084300000, 0x0000000084400000, 0x0000000084400000|100%| O|  |TAMS 0x0000000084400000, 0x0000000084400000| Untracked 
|  68|0x0000000084400000, 0x0000000084500000, 0x0000000084500000|100%| O|  |TAMS 0x0000000084500000, 0x0000000084500000| Untracked 
|  69|0x0000000084500000, 0x0000000084600000, 0x0000000084600000|100%|HS|  |TAMS 0x0000000084600000, 0x0000000084600000| Complete 
|  70|0x0000000084600000, 0x0000000084700000, 0x0000000084700000|100%|HC|  |TAMS 0x0000000084700000, 0x0000000084700000| Complete 
|  71|0x0000000084700000, 0x0000000084800000, 0x0000000084800000|100%|HS|  |TAMS 0x0000000084800000, 0x0000000084800000| Complete 
|  72|0x0000000084800000, 0x0000000084900000, 0x0000000084900000|100%|HS|  |TAMS 0x0000000084900000, 0x0000000084900000| Complete 
|  73|0x0000000084900000, 0x0000000084a00000, 0x0000000084a00000|100%| O|  |TAMS 0x0000000084a00000, 0x0000000084a00000| Untracked 
|  74|0x0000000084a00000, 0x0000000084b00000, 0x0000000084b00000|100%| O|  |TAMS 0x0000000084b00000, 0x0000000084b00000| Untracked 
|  75|0x0000000084b00000, 0x0000000084c00000, 0x0000000084c00000|100%| O|  |TAMS 0x0000000084c00000, 0x0000000084c00000| Untracked 
|  76|0x0000000084c00000, 0x0000000084d00000, 0x0000000084d00000|100%| O|  |TAMS 0x0000000084d00000, 0x0000000084d00000| Untracked 
|  77|0x0000000084d00000, 0x0000000084e00000, 0x0000000084e00000|100%| O|  |TAMS 0x0000000084e00000, 0x0000000084e00000| Untracked 
|  78|0x0000000084e00000, 0x0000000084f00000, 0x0000000084f00000|100%| O|  |TAMS 0x0000000084f00000, 0x0000000084f00000| Untracked 
|  79|0x0000000084f00000, 0x0000000085000000, 0x0000000085000000|100%| O|  |TAMS 0x0000000085000000, 0x0000000085000000| Untracked 
|  80|0x0000000085000000, 0x0000000085100000, 0x0000000085100000|100%| O|  |TAMS 0x0000000085100000, 0x0000000085100000| Untracked 
|  81|0x0000000085100000, 0x0000000085200000, 0x0000000085200000|100%| O|  |TAMS 0x0000000085200000, 0x0000000085200000| Untracked 
|  82|0x0000000085200000, 0x0000000085300000, 0x0000000085300000|100%|HS|  |TAMS 0x0000000085300000, 0x0000000085300000| Complete 
|  83|0x0000000085300000, 0x0000000085400000, 0x0000000085400000|100%|HS|  |TAMS 0x0000000085400000, 0x0000000085400000| Complete 
|  84|0x0000000085400000, 0x0000000085500000, 0x0000000085500000|100%|HC|  |TAMS 0x0000000085500000, 0x0000000085500000| Complete 
|  85|0x0000000085500000, 0x0000000085600000, 0x0000000085600000|100%|HC|  |TAMS 0x0000000085600000, 0x0000000085600000| Complete 
|  86|0x0000000085600000, 0x0000000085700000, 0x0000000085700000|100%|HC|  |TAMS 0x0000000085700000, 0x0000000085700000| Complete 
|  87|0x0000000085700000, 0x0000000085800000, 0x0000000085800000|100%| O|  |TAMS 0x0000000085800000, 0x0000000085800000| Untracked 
|  88|0x0000000085800000, 0x0000000085900000, 0x0000000085900000|100%| O|  |TAMS 0x0000000085900000, 0x0000000085900000| Untracked 
|  89|0x0000000085900000, 0x0000000085a00000, 0x0000000085a00000|100%| O|  |TAMS 0x0000000085a00000, 0x0000000085a00000| Untracked 
|  90|0x0000000085a00000, 0x0000000085b00000, 0x0000000085b00000|100%| O|  |TAMS 0x0000000085b00000, 0x0000000085b00000| Untracked 
|  91|0x0000000085b00000, 0x0000000085c00000, 0x0000000085c00000|100%| O|  |TAMS 0x0000000085c00000, 0x0000000085c00000| Untracked 
|  92|0x0000000085c00000, 0x0000000085d00000, 0x0000000085d00000|100%| O|  |TAMS 0x0000000085d00000, 0x0000000085d00000| Untracked 
|  93|0x0000000085d00000, 0x0000000085e00000, 0x0000000085e00000|100%| O|  |TAMS 0x0000000085e00000, 0x0000000085e00000| Untracked 
|  94|0x0000000085e00000, 0x0000000085f00000, 0x0000000085f00000|100%| O|  |TAMS 0x0000000085f00000, 0x0000000085f00000| Untracked 
|  95|0x0000000085f00000, 0x0000000086000000, 0x0000000086000000|100%| O|  |TAMS 0x0000000086000000, 0x0000000086000000| Untracked 
|  96|0x0000000086000000, 0x0000000086100000, 0x0000000086100000|100%| O|  |TAMS 0x0000000086100000, 0x0000000086100000| Untracked 
|  97|0x0000000086100000, 0x0000000086200000, 0x0000000086200000|100%| O|  |TAMS 0x0000000086200000, 0x0000000086200000| Untracked 
|  98|0x0000000086200000, 0x00000000862ee600, 0x0000000086300000| 93%| O|  |TAMS 0x00000000862ee600, 0x00000000862ee600| Untracked 
|  99|0x0000000086300000, 0x0000000086400000, 0x0000000086400000|100%| O|  |TAMS 0x0000000086400000, 0x0000000086400000| Untracked 
| 100|0x0000000086400000, 0x0000000086500000, 0x0000000086500000|100%| O|  |TAMS 0x0000000086500000, 0x0000000086500000| Untracked 
| 101|0x0000000086500000, 0x0000000086600000, 0x0000000086600000|100%| O|  |TAMS 0x0000000086600000, 0x0000000086600000| Untracked 
| 102|0x0000000086600000, 0x0000000086700000, 0x0000000086700000|100%| O|  |TAMS 0x0000000086700000, 0x0000000086700000| Untracked 
| 103|0x0000000086700000, 0x0000000086800000, 0x0000000086800000|100%| O|  |TAMS 0x0000000086800000, 0x0000000086800000| Untracked 
| 104|0x0000000086800000, 0x0000000086900000, 0x0000000086900000|100%|HS|  |TAMS 0x0000000086900000, 0x0000000086900000| Complete 
| 105|0x0000000086900000, 0x0000000086a00000, 0x0000000086a00000|100%|HC|  |TAMS 0x0000000086a00000, 0x0000000086a00000| Complete 
| 106|0x0000000086a00000, 0x0000000086b00000, 0x0000000086b00000|100%|HC|  |TAMS 0x0000000086b00000, 0x0000000086b00000| Complete 
| 107|0x0000000086b00000, 0x0000000086c00000, 0x0000000086c00000|100%|HC|  |TAMS 0x0000000086c00000, 0x0000000086c00000| Complete 
| 108|0x0000000086c00000, 0x0000000086d00000, 0x0000000086d00000|100%|HC|  |TAMS 0x0000000086d00000, 0x0000000086d00000| Complete 
| 109|0x0000000086d00000, 0x0000000086e00000, 0x0000000086e00000|100%|HC|  |TAMS 0x0000000086e00000, 0x0000000086e00000| Complete 
| 110|0x0000000086e00000, 0x0000000086f00000, 0x0000000086f00000|100%|HS|  |TAMS 0x0000000086f00000, 0x0000000086f00000| Complete 
| 111|0x0000000086f00000, 0x0000000087000000, 0x0000000087000000|100%|HS|  |TAMS 0x0000000087000000, 0x0000000087000000| Complete 
| 112|0x0000000087000000, 0x0000000087100000, 0x0000000087100000|100%|HS|  |TAMS 0x0000000087100000, 0x0000000087100000| Complete 
| 113|0x0000000087100000, 0x0000000087200000, 0x0000000087200000|100%|HC|  |TAMS 0x0000000087200000, 0x0000000087200000| Complete 
| 114|0x0000000087200000, 0x0000000087300000, 0x0000000087300000|100%|HC|  |TAMS 0x0000000087300000, 0x0000000087300000| Complete 
| 115|0x0000000087300000, 0x0000000087400000, 0x0000000087400000|100%|HC|  |TAMS 0x0000000087400000, 0x0000000087400000| Complete 
| 116|0x0000000087400000, 0x0000000087500000, 0x0000000087500000|100%|HC|  |TAMS 0x0000000087500000, 0x0000000087500000| Complete 
| 117|0x0000000087500000, 0x0000000087600000, 0x0000000087600000|100%|HC|  |TAMS 0x0000000087600000, 0x0000000087600000| Complete 
| 118|0x0000000087600000, 0x0000000087700000, 0x0000000087700000|100%|HS|  |TAMS 0x0000000087700000, 0x0000000087700000| Complete 
| 119|0x0000000087700000, 0x0000000087800000, 0x0000000087800000|100%|HS|  |TAMS 0x0000000087800000, 0x0000000087800000| Complete 
| 120|0x0000000087800000, 0x0000000087900000, 0x0000000087900000|100%| O|  |TAMS 0x0000000087900000, 0x0000000087900000| Untracked 
| 121|0x0000000087900000, 0x0000000087a00000, 0x0000000087a00000|100%| O|  |TAMS 0x0000000087a00000, 0x0000000087a00000| Untracked 
| 122|0x0000000087a00000, 0x0000000087b00000, 0x0000000087b00000|100%| O|  |TAMS 0x0000000087b00000, 0x0000000087b00000| Untracked 
| 123|0x0000000087b00000, 0x0000000087c00000, 0x0000000087c00000|100%| O|  |TAMS 0x0000000087c00000, 0x0000000087c00000| Untracked 
| 124|0x0000000087c00000, 0x0000000087d00000, 0x0000000087d00000|100%| O|  |TAMS 0x0000000087d00000, 0x0000000087d00000| Untracked 
| 125|0x0000000087d00000, 0x0000000087e00000, 0x0000000087e00000|100%| O|  |TAMS 0x0000000087e00000, 0x0000000087e00000| Untracked 
| 126|0x0000000087e00000, 0x0000000087f00000, 0x0000000087f00000|100%| O|  |TAMS 0x0000000087f00000, 0x0000000087f00000| Untracked 
| 127|0x0000000087f00000, 0x0000000088000000, 0x0000000088000000|100%| O|  |TAMS 0x0000000088000000, 0x0000000088000000| Untracked 
| 128|0x0000000088000000, 0x0000000088100000, 0x0000000088100000|100%| O|  |TAMS 0x0000000088100000, 0x0000000088100000| Untracked 
| 129|0x0000000088100000, 0x0000000088200000, 0x0000000088200000|100%| O|  |TAMS 0x0000000088200000, 0x0000000088200000| Untracked 
| 130|0x0000000088200000, 0x0000000088300000, 0x0000000088300000|100%| O|  |TAMS 0x0000000088300000, 0x0000000088300000| Untracked 
| 131|0x0000000088300000, 0x0000000088400000, 0x0000000088400000|100%| O|  |TAMS 0x0000000088400000, 0x0000000088400000| Untracked 
| 132|0x0000000088400000, 0x0000000088500000, 0x0000000088500000|100%| O|  |TAMS 0x0000000088500000, 0x0000000088500000| Untracked 
| 133|0x0000000088500000, 0x0000000088600000, 0x0000000088600000|100%| O|  |TAMS 0x0000000088600000, 0x0000000088600000| Untracked 
| 134|0x0000000088600000, 0x0000000088700000, 0x0000000088700000|100%| O|  |TAMS 0x0000000088600000, 0x0000000088700000| Untracked 
| 135|0x0000000088700000, 0x0000000088800000, 0x0000000088800000|100%| O|  |TAMS 0x0000000088800000, 0x0000000088800000| Untracked 
| 136|0x0000000088800000, 0x0000000088900000, 0x0000000088900000|100%| O|  |TAMS 0x0000000088900000, 0x0000000088900000| Untracked 
| 137|0x0000000088900000, 0x0000000088a00000, 0x0000000088a00000|100%| O|  |TAMS 0x0000000088a00000, 0x0000000088a00000| Untracked 
| 138|0x0000000088a00000, 0x0000000088b00000, 0x0000000088b00000|100%| O|  |TAMS 0x0000000088a00000, 0x0000000088b00000| Untracked 
| 139|0x0000000088b00000, 0x0000000088c00000, 0x0000000088c00000|100%| O|  |TAMS 0x0000000088c00000, 0x0000000088c00000| Untracked 
| 140|0x0000000088c00000, 0x0000000088d00000, 0x0000000088d00000|100%| O|  |TAMS 0x0000000088d00000, 0x0000000088d00000| Untracked 
| 141|0x0000000088d00000, 0x0000000088e00000, 0x0000000088e00000|100%| O|  |TAMS 0x0000000088e00000, 0x0000000088e00000| Untracked 
| 142|0x0000000088e00000, 0x0000000088f00000, 0x0000000088f00000|100%| O|  |TAMS 0x0000000088e00000, 0x0000000088f00000| Untracked 
| 143|0x0000000088f00000, 0x0000000089000000, 0x0000000089000000|100%| O|  |TAMS 0x0000000089000000, 0x0000000089000000| Untracked 
| 144|0x0000000089000000, 0x0000000089100000, 0x0000000089100000|100%| O|  |TAMS 0x0000000089100000, 0x0000000089100000| Untracked 
| 145|0x0000000089100000, 0x0000000089200000, 0x0000000089200000|100%| O|  |TAMS 0x0000000089200000, 0x0000000089200000| Untracked 
| 146|0x0000000089200000, 0x0000000089300000, 0x0000000089300000|100%| O|  |TAMS 0x0000000089300000, 0x0000000089300000| Untracked 
| 147|0x0000000089300000, 0x0000000089400000, 0x0000000089400000|100%| O|  |TAMS 0x0000000089400000, 0x0000000089400000| Untracked 
| 148|0x0000000089400000, 0x0000000089500000, 0x0000000089500000|100%| O|  |TAMS 0x0000000089400000, 0x0000000089500000| Untracked 
| 149|0x0000000089500000, 0x0000000089600000, 0x0000000089600000|100%| O|  |TAMS 0x0000000089600000, 0x0000000089600000| Untracked 
| 150|0x0000000089600000, 0x0000000089700000, 0x0000000089700000|100%| O|  |TAMS 0x0000000089700000, 0x0000000089700000| Untracked 
| 151|0x0000000089700000, 0x0000000089800000, 0x0000000089800000|100%| O|  |TAMS 0x0000000089800000, 0x0000000089800000| Untracked 
| 152|0x0000000089800000, 0x0000000089900000, 0x0000000089900000|100%| O|  |TAMS 0x0000000089900000, 0x0000000089900000| Untracked 
| 153|0x0000000089900000, 0x0000000089a00000, 0x0000000089a00000|100%| O|  |TAMS 0x0000000089a00000, 0x0000000089a00000| Untracked 
| 154|0x0000000089a00000, 0x0000000089b00000, 0x0000000089b00000|100%| O|  |TAMS 0x0000000089b00000, 0x0000000089b00000| Untracked 
| 155|0x0000000089b00000, 0x0000000089c00000, 0x0000000089c00000|100%| O|  |TAMS 0x0000000089c00000, 0x0000000089c00000| Untracked 
| 156|0x0000000089c00000, 0x0000000089d00000, 0x0000000089d00000|100%| O|  |TAMS 0x0000000089c00000, 0x0000000089d00000| Untracked 
| 157|0x0000000089d00000, 0x0000000089e00000, 0x0000000089e00000|100%| O|  |TAMS 0x0000000089e00000, 0x0000000089e00000| Untracked 
| 158|0x0000000089e00000, 0x0000000089f00000, 0x0000000089f00000|100%| O|  |TAMS 0x0000000089f00000, 0x0000000089f00000| Untracked 
| 159|0x0000000089f00000, 0x000000008a000000, 0x000000008a000000|100%| O|  |TAMS 0x000000008a000000, 0x000000008a000000| Untracked 
| 160|0x000000008a000000, 0x000000008a100000, 0x000000008a100000|100%| O|  |TAMS 0x000000008a000000, 0x000000008a100000| Untracked 
| 161|0x000000008a100000, 0x000000008a200000, 0x000000008a200000|100%| O|  |TAMS 0x000000008a200000, 0x000000008a200000| Untracked 
| 162|0x000000008a200000, 0x000000008a300000, 0x000000008a300000|100%| O|  |TAMS 0x000000008a200000, 0x000000008a300000| Untracked 
| 163|0x000000008a300000, 0x000000008a400000, 0x000000008a400000|100%| O|  |TAMS 0x000000008a400000, 0x000000008a400000| Untracked 
| 164|0x000000008a400000, 0x000000008a500000, 0x000000008a500000|100%| O|  |TAMS 0x000000008a500000, 0x000000008a500000| Untracked 
| 165|0x000000008a500000, 0x000000008a600000, 0x000000008a600000|100%| O|  |TAMS 0x000000008a600000, 0x000000008a600000| Untracked 
| 166|0x000000008a600000, 0x000000008a600000, 0x000000008a700000|  0%| F|  |TAMS 0x000000008a600000, 0x000000008a600000| Untracked 
| 167|0x000000008a700000, 0x000000008a700000, 0x000000008a800000|  0%| F|  |TAMS 0x000000008a700000, 0x000000008a700000| Untracked 
| 168|0x000000008a800000, 0x000000008a900000, 0x000000008a900000|100%| O|  |TAMS 0x000000008a900000, 0x000000008a900000| Untracked 
| 169|0x000000008a900000, 0x000000008aa00000, 0x000000008aa00000|100%| O|  |TAMS 0x000000008aa00000, 0x000000008aa00000| Untracked 
| 170|0x000000008aa00000, 0x000000008ab00000, 0x000000008ab00000|100%| O|  |TAMS 0x000000008aa00000, 0x000000008ab00000| Untracked 
| 171|0x000000008ab00000, 0x000000008ac00000, 0x000000008ac00000|100%| O|  |TAMS 0x000000008ac00000, 0x000000008ac00000| Untracked 
| 172|0x000000008ac00000, 0x000000008ad00000, 0x000000008ad00000|100%|HS|  |TAMS 0x000000008ac00000, 0x000000008ad00000| Complete 
| 173|0x000000008ad00000, 0x000000008ae00000, 0x000000008ae00000|100%|HC|  |TAMS 0x000000008ad00000, 0x000000008ae00000| Complete 
| 174|0x000000008ae00000, 0x000000008af00000, 0x000000008af00000|100%|HC|  |TAMS 0x000000008ae00000, 0x000000008af00000| Complete 
| 175|0x000000008af00000, 0x000000008b000000, 0x000000008b000000|100%| O|  |TAMS 0x000000008b000000, 0x000000008b000000| Untracked 
| 176|0x000000008b000000, 0x000000008b100000, 0x000000008b100000|100%| O|  |TAMS 0x000000008b100000, 0x000000008b100000| Untracked 
| 177|0x000000008b100000, 0x000000008b200000, 0x000000008b200000|100%| O|  |TAMS 0x000000008b200000, 0x000000008b200000| Untracked 
| 178|0x000000008b200000, 0x000000008b300000, 0x000000008b300000|100%| O|  |TAMS 0x000000008b300000, 0x000000008b300000| Untracked 
| 179|0x000000008b300000, 0x000000008b400000, 0x000000008b400000|100%| O|  |TAMS 0x000000008b400000, 0x000000008b400000| Untracked 
| 180|0x000000008b400000, 0x000000008b500000, 0x000000008b500000|100%| O|  |TAMS 0x000000008b500000, 0x000000008b500000| Untracked 
| 181|0x000000008b500000, 0x000000008b600000, 0x000000008b600000|100%| O|  |TAMS 0x000000008b600000, 0x000000008b600000| Untracked 
| 182|0x000000008b600000, 0x000000008b700000, 0x000000008b700000|100%| O|  |TAMS 0x000000008b700000, 0x000000008b700000| Untracked 
| 183|0x000000008b700000, 0x000000008b800000, 0x000000008b800000|100%| O|  |TAMS 0x000000008b800000, 0x000000008b800000| Untracked 
| 184|0x000000008b800000, 0x000000008b900000, 0x000000008b900000|100%| O|  |TAMS 0x000000008b900000, 0x000000008b900000| Untracked 
| 185|0x000000008b900000, 0x000000008ba00000, 0x000000008ba00000|100%| O|  |TAMS 0x000000008ba00000, 0x000000008ba00000| Untracked 
| 186|0x000000008ba00000, 0x000000008bb00000, 0x000000008bb00000|100%| O|  |TAMS 0x000000008bb00000, 0x000000008bb00000| Untracked 
| 187|0x000000008bb00000, 0x000000008bc00000, 0x000000008bc00000|100%| O|  |TAMS 0x000000008bc00000, 0x000000008bc00000| Untracked 
| 188|0x000000008bc00000, 0x000000008bd00000, 0x000000008bd00000|100%| O|  |TAMS 0x000000008bd00000, 0x000000008bd00000| Untracked 
| 189|0x000000008bd00000, 0x000000008be00000, 0x000000008be00000|100%| O|  |TAMS 0x000000008be00000, 0x000000008be00000| Untracked 
| 190|0x000000008be00000, 0x000000008bf00000, 0x000000008bf00000|100%| O|  |TAMS 0x000000008bf00000, 0x000000008bf00000| Untracked 
| 191|0x000000008bf00000, 0x000000008c000000, 0x000000008c000000|100%| O|  |TAMS 0x000000008c000000, 0x000000008c000000| Untracked 
| 192|0x000000008c000000, 0x000000008c100000, 0x000000008c100000|100%| O|  |TAMS 0x000000008c100000, 0x000000008c100000| Untracked 
| 193|0x000000008c100000, 0x000000008c200000, 0x000000008c200000|100%| O|  |TAMS 0x000000008c200000, 0x000000008c200000| Untracked 
| 194|0x000000008c200000, 0x000000008c300000, 0x000000008c300000|100%| O|  |TAMS 0x000000008c300000, 0x000000008c300000| Untracked 
| 195|0x000000008c300000, 0x000000008c400000, 0x000000008c400000|100%| O|  |TAMS 0x000000008c300000, 0x000000008c400000| Untracked 
| 196|0x000000008c400000, 0x000000008c500000, 0x000000008c500000|100%| O|  |TAMS 0x000000008c500000, 0x000000008c500000| Untracked 
| 197|0x000000008c500000, 0x000000008c600000, 0x000000008c600000|100%| O|  |TAMS 0x000000008c600000, 0x000000008c600000| Untracked 
| 198|0x000000008c600000, 0x000000008c700000, 0x000000008c700000|100%| O|  |TAMS 0x000000008c700000, 0x000000008c700000| Untracked 
| 199|0x000000008c700000, 0x000000008c800000, 0x000000008c800000|100%| O|  |TAMS 0x000000008c800000, 0x000000008c800000| Untracked 
| 200|0x000000008c800000, 0x000000008c900000, 0x000000008c900000|100%| O|  |TAMS 0x000000008c800000, 0x000000008c900000| Untracked 
| 201|0x000000008c900000, 0x000000008ca00000, 0x000000008ca00000|100%| O|  |TAMS 0x000000008ca00000, 0x000000008ca00000| Untracked 
| 202|0x000000008ca00000, 0x000000008cb00000, 0x000000008cb00000|100%| O|  |TAMS 0x000000008cb00000, 0x000000008cb00000| Untracked 
| 203|0x000000008cb00000, 0x000000008cc00000, 0x000000008cc00000|100%| O|  |TAMS 0x000000008cc00000, 0x000000008cc00000| Untracked 
| 204|0x000000008cc00000, 0x000000008cd00000, 0x000000008cd00000|100%| O|  |TAMS 0x000000008cc00000, 0x000000008cd00000| Untracked 
| 205|0x000000008cd00000, 0x000000008ce00000, 0x000000008ce00000|100%| O|  |TAMS 0x000000008ce00000, 0x000000008ce00000| Untracked 
| 206|0x000000008ce00000, 0x000000008cf00000, 0x000000008cf00000|100%| O|  |TAMS 0x000000008cf00000, 0x000000008cf00000| Untracked 
| 207|0x000000008cf00000, 0x000000008d000000, 0x000000008d000000|100%| O|  |TAMS 0x000000008d000000, 0x000000008d000000| Untracked 
| 208|0x000000008d000000, 0x000000008d100000, 0x000000008d100000|100%| O|  |TAMS 0x000000008d100000, 0x000000008d100000| Untracked 
| 209|0x000000008d100000, 0x000000008d200000, 0x000000008d200000|100%| O|  |TAMS 0x000000008d200000, 0x000000008d200000| Untracked 
| 210|0x000000008d200000, 0x000000008d300000, 0x000000008d300000|100%| O|  |TAMS 0x000000008d300000, 0x000000008d300000| Untracked 
| 211|0x000000008d300000, 0x000000008d400000, 0x000000008d400000|100%| O|  |TAMS 0x000000008d400000, 0x000000008d400000| Untracked 
| 212|0x000000008d400000, 0x000000008d500000, 0x000000008d500000|100%| O|  |TAMS 0x000000008d500000, 0x000000008d500000| Untracked 
| 213|0x000000008d500000, 0x000000008d600000, 0x000000008d600000|100%|HS|  |TAMS 0x000000008d500000, 0x000000008d600000| Complete 
| 214|0x000000008d600000, 0x000000008d700000, 0x000000008d700000|100%|HC|  |TAMS 0x000000008d600000, 0x000000008d700000| Complete 
| 215|0x000000008d700000, 0x000000008d800000, 0x000000008d800000|100%| O|  |TAMS 0x000000008d700000, 0x000000008d800000| Untracked 
| 216|0x000000008d800000, 0x000000008d900000, 0x000000008d900000|100%| O|  |TAMS 0x000000008d900000, 0x000000008d900000| Untracked 
| 217|0x000000008d900000, 0x000000008da00000, 0x000000008da00000|100%| O|  |TAMS 0x000000008da00000, 0x000000008da00000| Untracked 
| 218|0x000000008da00000, 0x000000008db00000, 0x000000008db00000|100%| O|  |TAMS 0x000000008db00000, 0x000000008db00000| Untracked 
| 219|0x000000008db00000, 0x000000008dc00000, 0x000000008dc00000|100%| O|  |TAMS 0x000000008dc00000, 0x000000008dc00000| Untracked 
| 220|0x000000008dc00000, 0x000000008dd00000, 0x000000008dd00000|100%|HS|  |TAMS 0x000000008dc00000, 0x000000008dd00000| Complete 
| 221|0x000000008dd00000, 0x000000008de00000, 0x000000008de00000|100%|HC|  |TAMS 0x000000008dd00000, 0x000000008de00000| Complete 
| 222|0x000000008de00000, 0x000000008df00000, 0x000000008df00000|100%|HC|  |TAMS 0x000000008de00000, 0x000000008df00000| Complete 
| 223|0x000000008df00000, 0x000000008e000000, 0x000000008e000000|100%|HC|  |TAMS 0x000000008df00000, 0x000000008e000000| Complete 
| 224|0x000000008e000000, 0x000000008e000000, 0x000000008e100000|  0%| F|  |TAMS 0x000000008e000000, 0x000000008e000000| Untracked 
| 225|0x000000008e100000, 0x000000008e200000, 0x000000008e200000|100%| O|  |TAMS 0x000000008e100000, 0x000000008e200000| Untracked 
| 226|0x000000008e200000, 0x000000008e300000, 0x000000008e300000|100%| O|  |TAMS 0x000000008e300000, 0x000000008e300000| Untracked 
| 227|0x000000008e300000, 0x000000008e400000, 0x000000008e400000|100%| O|  |TAMS 0x000000008e400000, 0x000000008e400000| Untracked 
| 228|0x000000008e400000, 0x000000008e400000, 0x000000008e500000|  0%| F|  |TAMS 0x000000008e400000, 0x000000008e400000| Untracked 
| 229|0x000000008e500000, 0x000000008e600000, 0x000000008e600000|100%| O|  |TAMS 0x000000008e500000, 0x000000008e600000| Untracked 
| 230|0x000000008e600000, 0x000000008e700000, 0x000000008e700000|100%| O|  |TAMS 0x000000008e700000, 0x000000008e700000| Untracked 
| 231|0x000000008e700000, 0x000000008e700000, 0x000000008e800000|  0%| F|  |TAMS 0x000000008e700000, 0x000000008e700000| Untracked 
| 232|0x000000008e800000, 0x000000008e900000, 0x000000008e900000|100%| O|  |TAMS 0x000000008e800000, 0x000000008e900000| Untracked 
| 233|0x000000008e900000, 0x000000008ea00000, 0x000000008ea00000|100%| O|  |TAMS 0x000000008e900000, 0x000000008ea00000| Untracked 
| 234|0x000000008ea00000, 0x000000008eb00000, 0x000000008eb00000|100%| O|  |TAMS 0x000000008ea00000, 0x000000008eb00000| Untracked 
| 235|0x000000008eb00000, 0x000000008ec00000, 0x000000008ec00000|100%| O|  |TAMS 0x000000008eb00000, 0x000000008ec00000| Untracked 
| 236|0x000000008ec00000, 0x000000008ed00000, 0x000000008ed00000|100%| O|  |TAMS 0x000000008ec00000, 0x000000008ed00000| Untracked 
| 237|0x000000008ed00000, 0x000000008ee00000, 0x000000008ee00000|100%| O|  |TAMS 0x000000008ed00000, 0x000000008ee00000| Untracked 
| 238|0x000000008ee00000, 0x000000008ef00000, 0x000000008ef00000|100%| O|  |TAMS 0x000000008ef00000, 0x000000008ef00000| Untracked 
| 239|0x000000008ef00000, 0x000000008f000000, 0x000000008f000000|100%| O|  |TAMS 0x000000008f000000, 0x000000008f000000| Untracked 
| 240|0x000000008f000000, 0x000000008f000000, 0x000000008f100000|  0%| F|  |TAMS 0x000000008f000000, 0x000000008f000000| Untracked 
| 241|0x000000008f100000, 0x000000008f200000, 0x000000008f200000|100%| O|  |TAMS 0x000000008f200000, 0x000000008f200000| Untracked 
| 242|0x000000008f200000, 0x000000008f200000, 0x000000008f300000|  0%| F|  |TAMS 0x000000008f200000, 0x000000008f200000| Untracked 
| 243|0x000000008f300000, 0x000000008f400000, 0x000000008f400000|100%| O|  |TAMS 0x000000008f300000, 0x000000008f400000| Untracked 
| 244|0x000000008f400000, 0x000000008f500000, 0x000000008f500000|100%| O|  |TAMS 0x000000008f400000, 0x000000008f500000| Untracked 
| 245|0x000000008f500000, 0x000000008f600000, 0x000000008f600000|100%| O|  |TAMS 0x000000008f500000, 0x000000008f600000| Untracked 
| 246|0x000000008f600000, 0x000000008f700000, 0x000000008f700000|100%| O|  |TAMS 0x000000008f600000, 0x000000008f700000| Untracked 
| 247|0x000000008f700000, 0x000000008f743800, 0x000000008f800000| 26%| O|  |TAMS 0x000000008f700000, 0x000000008f743800| Untracked 
| 248|0x000000008f800000, 0x000000008f800000, 0x000000008f900000|  0%| F|  |TAMS 0x000000008f800000, 0x000000008f800000| Untracked 
| 249|0x000000008f900000, 0x000000008fa00000, 0x000000008fa00000|100%| O|  |TAMS 0x000000008fa00000, 0x000000008fa00000| Untracked 
| 250|0x000000008fa00000, 0x000000008fa00000, 0x000000008fb00000|  0%| F|  |TAMS 0x000000008fa00000, 0x000000008fa00000| Untracked 
| 251|0x000000008fb00000, 0x000000008fb00000, 0x000000008fc00000|  0%| F|  |TAMS 0x000000008fb00000, 0x000000008fb00000| Untracked 
| 252|0x000000008fc00000, 0x000000008fc00000, 0x000000008fd00000|  0%| F|  |TAMS 0x000000008fc00000, 0x000000008fc00000| Untracked 
| 253|0x000000008fd00000, 0x000000008fe00000, 0x000000008fe00000|100%| O|  |TAMS 0x000000008fe00000, 0x000000008fe00000| Untracked 
| 254|0x000000008fe00000, 0x000000008fe00000, 0x000000008ff00000|  0%| F|  |TAMS 0x000000008fe00000, 0x000000008fe00000| Untracked 
| 255|0x000000008ff00000, 0x000000008ff00000, 0x0000000090000000|  0%| F|  |TAMS 0x000000008ff00000, 0x000000008ff00000| Untracked 
| 256|0x0000000090000000, 0x0000000090000000, 0x0000000090100000|  0%| F|  |TAMS 0x0000000090000000, 0x0000000090000000| Untracked 
| 257|0x0000000090100000, 0x0000000090200000, 0x0000000090200000|100%| O|  |TAMS 0x0000000090200000, 0x0000000090200000| Untracked 
| 258|0x0000000090200000, 0x0000000090300000, 0x0000000090300000|100%| O|  |TAMS 0x0000000090300000, 0x0000000090300000| Untracked 
| 259|0x0000000090300000, 0x0000000090300000, 0x0000000090400000|  0%| F|  |TAMS 0x0000000090300000, 0x0000000090300000| Untracked 
| 260|0x0000000090400000, 0x0000000090400000, 0x0000000090500000|  0%| F|  |TAMS 0x0000000090400000, 0x0000000090400000| Untracked 
| 261|0x0000000090500000, 0x0000000090500000, 0x0000000090600000|  0%| F|  |TAMS 0x0000000090500000, 0x0000000090500000| Untracked 
| 262|0x0000000090600000, 0x0000000090700000, 0x0000000090700000|100%| O|  |TAMS 0x0000000090700000, 0x0000000090700000| Untracked 
| 263|0x0000000090700000, 0x0000000090800000, 0x0000000090800000|100%| O|  |TAMS 0x0000000090800000, 0x0000000090800000| Untracked 
| 264|0x0000000090800000, 0x0000000090900000, 0x0000000090900000|100%| O|  |TAMS 0x0000000090900000, 0x0000000090900000| Untracked 
| 265|0x0000000090900000, 0x0000000090a00000, 0x0000000090a00000|100%|HS|  |TAMS 0x0000000090900000, 0x0000000090a00000| Complete 
| 266|0x0000000090a00000, 0x0000000090b00000, 0x0000000090b00000|100%|HC|  |TAMS 0x0000000090a00000, 0x0000000090b00000| Complete 
| 267|0x0000000090b00000, 0x0000000090c00000, 0x0000000090c00000|100%|HC|  |TAMS 0x0000000090b00000, 0x0000000090c00000| Complete 
| 268|0x0000000090c00000, 0x0000000090d00000, 0x0000000090d00000|100%|HC|  |TAMS 0x0000000090c00000, 0x0000000090d00000| Complete 
| 269|0x0000000090d00000, 0x0000000090e00000, 0x0000000090e00000|100%|HC|  |TAMS 0x0000000090d00000, 0x0000000090e00000| Complete 
| 270|0x0000000090e00000, 0x0000000090f00000, 0x0000000090f00000|100%|HC|  |TAMS 0x0000000090e00000, 0x0000000090f00000| Complete 
| 271|0x0000000090f00000, 0x0000000091000000, 0x0000000091000000|100%|HC|  |TAMS 0x0000000090f00000, 0x0000000091000000| Complete 
| 272|0x0000000091000000, 0x0000000091000000, 0x0000000091100000|  0%| F|  |TAMS 0x0000000091000000, 0x0000000091000000| Untracked 
| 273|0x0000000091100000, 0x0000000091100000, 0x0000000091200000|  0%| F|  |TAMS 0x0000000091100000, 0x0000000091100000| Untracked 
| 274|0x0000000091200000, 0x0000000091200000, 0x0000000091300000|  0%| F|  |TAMS 0x0000000091200000, 0x0000000091200000| Untracked 
| 275|0x0000000091300000, 0x0000000091300000, 0x0000000091400000|  0%| F|  |TAMS 0x0000000091300000, 0x0000000091300000| Untracked 
| 276|0x0000000091400000, 0x0000000091400000, 0x0000000091500000|  0%| F|  |TAMS 0x0000000091400000, 0x0000000091400000| Untracked 
| 277|0x0000000091500000, 0x0000000091500000, 0x0000000091600000|  0%| F|  |TAMS 0x0000000091500000, 0x0000000091500000| Untracked 
| 278|0x0000000091600000, 0x0000000091600000, 0x0000000091700000|  0%| F|  |TAMS 0x0000000091600000, 0x0000000091600000| Untracked 
| 279|0x0000000091700000, 0x0000000091700000, 0x0000000091800000|  0%| F|  |TAMS 0x0000000091700000, 0x0000000091700000| Untracked 
| 280|0x0000000091800000, 0x0000000091800000, 0x0000000091900000|  0%| F|  |TAMS 0x0000000091800000, 0x0000000091800000| Untracked 
| 281|0x0000000091900000, 0x0000000091900000, 0x0000000091a00000|  0%| F|  |TAMS 0x0000000091900000, 0x0000000091900000| Untracked 
| 282|0x0000000091a00000, 0x0000000091a00000, 0x0000000091b00000|  0%| F|  |TAMS 0x0000000091a00000, 0x0000000091a00000| Untracked 
| 283|0x0000000091b00000, 0x0000000091b00000, 0x0000000091c00000|  0%| F|  |TAMS 0x0000000091b00000, 0x0000000091b00000| Untracked 
| 284|0x0000000091c00000, 0x0000000091c00000, 0x0000000091d00000|  0%| F|  |TAMS 0x0000000091c00000, 0x0000000091c00000| Untracked 
| 285|0x0000000091d00000, 0x0000000091d00000, 0x0000000091e00000|  0%| F|  |TAMS 0x0000000091d00000, 0x0000000091d00000| Untracked 
| 286|0x0000000091e00000, 0x0000000091e00000, 0x0000000091f00000|  0%| F|  |TAMS 0x0000000091e00000, 0x0000000091e00000| Untracked 
| 287|0x0000000091f00000, 0x0000000091f00000, 0x0000000092000000|  0%| F|  |TAMS 0x0000000091f00000, 0x0000000091f00000| Untracked 
| 288|0x0000000092000000, 0x0000000092000000, 0x0000000092100000|  0%| F|  |TAMS 0x0000000092000000, 0x0000000092000000| Untracked 
| 289|0x0000000092100000, 0x0000000092100000, 0x0000000092200000|  0%| F|  |TAMS 0x0000000092100000, 0x0000000092100000| Untracked 
| 290|0x0000000092200000, 0x0000000092200000, 0x0000000092300000|  0%| F|  |TAMS 0x0000000092200000, 0x0000000092200000| Untracked 
| 291|0x0000000092300000, 0x0000000092300000, 0x0000000092400000|  0%| F|  |TAMS 0x0000000092300000, 0x0000000092300000| Untracked 
| 292|0x0000000092400000, 0x0000000092400000, 0x0000000092500000|  0%| F|  |TAMS 0x0000000092400000, 0x0000000092400000| Untracked 
| 293|0x0000000092500000, 0x0000000092500000, 0x0000000092600000|  0%| F|  |TAMS 0x0000000092500000, 0x0000000092500000| Untracked 
| 294|0x0000000092600000, 0x0000000092600000, 0x0000000092700000|  0%| F|  |TAMS 0x0000000092600000, 0x0000000092600000| Untracked 
| 295|0x0000000092700000, 0x0000000092700000, 0x0000000092800000|  0%| F|  |TAMS 0x0000000092700000, 0x0000000092700000| Untracked 
| 296|0x0000000092800000, 0x0000000092800000, 0x0000000092900000|  0%| F|  |TAMS 0x0000000092800000, 0x0000000092800000| Untracked 
| 297|0x0000000092900000, 0x0000000092900000, 0x0000000092a00000|  0%| F|  |TAMS 0x0000000092900000, 0x0000000092900000| Untracked 
| 298|0x0000000092a00000, 0x0000000092a00000, 0x0000000092b00000|  0%| F|  |TAMS 0x0000000092a00000, 0x0000000092a00000| Untracked 
| 299|0x0000000092b00000, 0x0000000092b00000, 0x0000000092c00000|  0%| F|  |TAMS 0x0000000092b00000, 0x0000000092b00000| Untracked 
| 300|0x0000000092c00000, 0x0000000092c00000, 0x0000000092d00000|  0%| F|  |TAMS 0x0000000092c00000, 0x0000000092c00000| Untracked 
| 301|0x0000000092d00000, 0x0000000092d00000, 0x0000000092e00000|  0%| F|  |TAMS 0x0000000092d00000, 0x0000000092d00000| Untracked 
| 302|0x0000000092e00000, 0x0000000092e00000, 0x0000000092f00000|  0%| F|  |TAMS 0x0000000092e00000, 0x0000000092e00000| Untracked 
| 303|0x0000000092f00000, 0x0000000093000000, 0x0000000093000000|100%| O|  |TAMS 0x0000000093000000, 0x0000000093000000| Untracked 
| 304|0x0000000093000000, 0x0000000093100000, 0x0000000093100000|100%| O|  |TAMS 0x0000000093100000, 0x0000000093100000| Untracked 
| 305|0x0000000093100000, 0x0000000093200000, 0x0000000093200000|100%| O|  |TAMS 0x0000000093200000, 0x0000000093200000| Untracked 
| 306|0x0000000093200000, 0x0000000093200000, 0x0000000093300000|  0%| F|  |TAMS 0x0000000093200000, 0x0000000093200000| Untracked 
| 307|0x0000000093300000, 0x0000000093300000, 0x0000000093400000|  0%| F|  |TAMS 0x0000000093300000, 0x0000000093300000| Untracked 
| 308|0x0000000093400000, 0x0000000093400000, 0x0000000093500000|  0%| F|  |TAMS 0x0000000093400000, 0x0000000093400000| Untracked 
| 309|0x0000000093500000, 0x0000000093500000, 0x0000000093600000|  0%| F|  |TAMS 0x0000000093500000, 0x0000000093500000| Untracked 
| 310|0x0000000093600000, 0x0000000093600000, 0x0000000093700000|  0%| F|  |TAMS 0x0000000093600000, 0x0000000093600000| Untracked 
| 311|0x0000000093700000, 0x0000000093700000, 0x0000000093800000|  0%| F|  |TAMS 0x0000000093700000, 0x0000000093700000| Untracked 
| 312|0x0000000093800000, 0x0000000093800000, 0x0000000093900000|  0%| F|  |TAMS 0x0000000093800000, 0x0000000093800000| Untracked 
| 313|0x0000000093900000, 0x0000000093900000, 0x0000000093a00000|  0%| F|  |TAMS 0x0000000093900000, 0x0000000093900000| Untracked 
| 314|0x0000000093a00000, 0x0000000093b00000, 0x0000000093b00000|100%| O|  |TAMS 0x0000000093b00000, 0x0000000093b00000| Untracked 
| 315|0x0000000093b00000, 0x0000000093c00000, 0x0000000093c00000|100%| O|  |TAMS 0x0000000093c00000, 0x0000000093c00000| Untracked 
| 316|0x0000000093c00000, 0x0000000093c00000, 0x0000000093d00000|  0%| F|  |TAMS 0x0000000093c00000, 0x0000000093c00000| Untracked 
| 317|0x0000000093d00000, 0x0000000093d00000, 0x0000000093e00000|  0%| F|  |TAMS 0x0000000093d00000, 0x0000000093d00000| Untracked 
| 318|0x0000000093e00000, 0x0000000093f00000, 0x0000000093f00000|100%| O|  |TAMS 0x0000000093f00000, 0x0000000093f00000| Untracked 
| 319|0x0000000093f00000, 0x0000000093f00000, 0x0000000094000000|  0%| F|  |TAMS 0x0000000093f00000, 0x0000000093f00000| Untracked 
| 320|0x0000000094000000, 0x0000000094000000, 0x0000000094100000|  0%| F|  |TAMS 0x0000000094000000, 0x0000000094000000| Untracked 
| 321|0x0000000094100000, 0x0000000094100000, 0x0000000094200000|  0%| F|  |TAMS 0x0000000094100000, 0x0000000094100000| Untracked 
| 322|0x0000000094200000, 0x0000000094200000, 0x0000000094300000|  0%| F|  |TAMS 0x0000000094200000, 0x0000000094200000| Untracked 
| 323|0x0000000094300000, 0x0000000094300000, 0x0000000094400000|  0%| F|  |TAMS 0x0000000094300000, 0x0000000094300000| Untracked 
| 324|0x0000000094400000, 0x0000000094400000, 0x0000000094500000|  0%| F|  |TAMS 0x0000000094400000, 0x0000000094400000| Untracked 
| 325|0x0000000094500000, 0x0000000094500000, 0x0000000094600000|  0%| F|  |TAMS 0x0000000094500000, 0x0000000094500000| Untracked 
| 326|0x0000000094600000, 0x0000000094600000, 0x0000000094700000|  0%| F|  |TAMS 0x0000000094600000, 0x0000000094600000| Untracked 
| 327|0x0000000094700000, 0x0000000094700000, 0x0000000094800000|  0%| F|  |TAMS 0x0000000094700000, 0x0000000094700000| Untracked 
| 328|0x0000000094800000, 0x0000000094800000, 0x0000000094900000|  0%| F|  |TAMS 0x0000000094800000, 0x0000000094800000| Untracked 
| 329|0x0000000094900000, 0x0000000094900000, 0x0000000094a00000|  0%| F|  |TAMS 0x0000000094900000, 0x0000000094900000| Untracked 
| 330|0x0000000094a00000, 0x0000000094a00000, 0x0000000094b00000|  0%| F|  |TAMS 0x0000000094a00000, 0x0000000094a00000| Untracked 
| 331|0x0000000094b00000, 0x0000000094b00000, 0x0000000094c00000|  0%| F|  |TAMS 0x0000000094b00000, 0x0000000094b00000| Untracked 
| 332|0x0000000094c00000, 0x0000000094c00000, 0x0000000094d00000|  0%| F|  |TAMS 0x0000000094c00000, 0x0000000094c00000| Untracked 
| 333|0x0000000094d00000, 0x0000000094d00000, 0x0000000094e00000|  0%| F|  |TAMS 0x0000000094d00000, 0x0000000094d00000| Untracked 
| 334|0x0000000094e00000, 0x0000000094e00000, 0x0000000094f00000|  0%| F|  |TAMS 0x0000000094e00000, 0x0000000094e00000| Untracked 
| 335|0x0000000094f00000, 0x0000000094f00000, 0x0000000095000000|  0%| F|  |TAMS 0x0000000094f00000, 0x0000000094f00000| Untracked 
| 336|0x0000000095000000, 0x0000000095000000, 0x0000000095100000|  0%| F|  |TAMS 0x0000000095000000, 0x0000000095000000| Untracked 
| 337|0x0000000095100000, 0x0000000095100000, 0x0000000095200000|  0%| F|  |TAMS 0x0000000095100000, 0x0000000095100000| Untracked 
| 338|0x0000000095200000, 0x0000000095200000, 0x0000000095300000|  0%| F|  |TAMS 0x0000000095200000, 0x0000000095200000| Untracked 
| 339|0x0000000095300000, 0x0000000095400000, 0x0000000095400000|100%| O|  |TAMS 0x0000000095400000, 0x0000000095400000| Untracked 
| 340|0x0000000095400000, 0x0000000095500000, 0x0000000095500000|100%| O|  |TAMS 0x0000000095464a00, 0x0000000095500000| Untracked 
| 341|0x0000000095500000, 0x0000000095500000, 0x0000000095600000|  0%| F|  |TAMS 0x0000000095500000, 0x0000000095500000| Untracked 
| 342|0x0000000095600000, 0x0000000095600000, 0x0000000095700000|  0%| F|  |TAMS 0x0000000095600000, 0x0000000095600000| Untracked 
| 343|0x0000000095700000, 0x0000000095700000, 0x0000000095800000|  0%| F|  |TAMS 0x0000000095700000, 0x0000000095700000| Untracked 
| 344|0x0000000095800000, 0x0000000095800000, 0x0000000095900000|  0%| F|  |TAMS 0x0000000095800000, 0x0000000095800000| Untracked 
| 345|0x0000000095900000, 0x0000000095900000, 0x0000000095a00000|  0%| F|  |TAMS 0x0000000095900000, 0x0000000095900000| Untracked 
| 346|0x0000000095a00000, 0x0000000095a00000, 0x0000000095b00000|  0%| F|  |TAMS 0x0000000095a00000, 0x0000000095a00000| Untracked 
| 347|0x0000000095b00000, 0x0000000095b00000, 0x0000000095c00000|  0%| F|  |TAMS 0x0000000095b00000, 0x0000000095b00000| Untracked 
| 348|0x0000000095c00000, 0x0000000095c00000, 0x0000000095d00000|  0%| F|  |TAMS 0x0000000095c00000, 0x0000000095c00000| Untracked 
| 349|0x0000000095d00000, 0x0000000095d00000, 0x0000000095e00000|  0%| F|  |TAMS 0x0000000095d00000, 0x0000000095d00000| Untracked 
| 350|0x0000000095e00000, 0x0000000095e00000, 0x0000000095f00000|  0%| F|  |TAMS 0x0000000095e00000, 0x0000000095e00000| Untracked 
| 351|0x0000000095f00000, 0x0000000095f00000, 0x0000000096000000|  0%| F|  |TAMS 0x0000000095f00000, 0x0000000095f00000| Untracked 
| 352|0x0000000096000000, 0x0000000096000000, 0x0000000096100000|  0%| F|  |TAMS 0x0000000096000000, 0x0000000096000000| Untracked 
| 353|0x0000000096100000, 0x0000000096100000, 0x0000000096200000|  0%| F|  |TAMS 0x0000000096100000, 0x0000000096100000| Untracked 
| 354|0x0000000096200000, 0x0000000096200000, 0x0000000096300000|  0%| F|  |TAMS 0x0000000096200000, 0x0000000096200000| Untracked 
| 355|0x0000000096300000, 0x0000000096300000, 0x0000000096400000|  0%| F|  |TAMS 0x0000000096300000, 0x0000000096300000| Untracked 
| 356|0x0000000096400000, 0x0000000096400000, 0x0000000096500000|  0%| F|  |TAMS 0x0000000096400000, 0x0000000096400000| Untracked 
| 357|0x0000000096500000, 0x0000000096500000, 0x0000000096600000|  0%| F|  |TAMS 0x0000000096500000, 0x0000000096500000| Untracked 
| 358|0x0000000096600000, 0x0000000096600000, 0x0000000096700000|  0%| F|  |TAMS 0x0000000096600000, 0x0000000096600000| Untracked 
| 359|0x0000000096700000, 0x0000000096700000, 0x0000000096800000|  0%| F|  |TAMS 0x0000000096700000, 0x0000000096700000| Untracked 
| 360|0x0000000096800000, 0x0000000096800000, 0x0000000096900000|  0%| F|  |TAMS 0x0000000096800000, 0x0000000096800000| Untracked 
| 361|0x0000000096900000, 0x0000000096900000, 0x0000000096a00000|  0%| F|  |TAMS 0x0000000096900000, 0x0000000096900000| Untracked 
| 362|0x0000000096a00000, 0x0000000096a00000, 0x0000000096b00000|  0%| F|  |TAMS 0x0000000096a00000, 0x0000000096a00000| Untracked 
| 363|0x0000000096b00000, 0x0000000096b00000, 0x0000000096c00000|  0%| F|  |TAMS 0x0000000096b00000, 0x0000000096b00000| Untracked 
| 364|0x0000000096c00000, 0x0000000096c00000, 0x0000000096d00000|  0%| F|  |TAMS 0x0000000096c00000, 0x0000000096c00000| Untracked 
| 365|0x0000000096d00000, 0x0000000096d00000, 0x0000000096e00000|  0%| F|  |TAMS 0x0000000096d00000, 0x0000000096d00000| Untracked 
| 366|0x0000000096e00000, 0x0000000096e00000, 0x0000000096f00000|  0%| F|  |TAMS 0x0000000096e00000, 0x0000000096e00000| Untracked 
| 367|0x0000000096f00000, 0x0000000096f00000, 0x0000000097000000|  0%| F|  |TAMS 0x0000000096f00000, 0x0000000096f00000| Untracked 
| 368|0x0000000097000000, 0x0000000097000000, 0x0000000097100000|  0%| F|  |TAMS 0x0000000097000000, 0x0000000097000000| Untracked 
| 369|0x0000000097100000, 0x0000000097100000, 0x0000000097200000|  0%| F|  |TAMS 0x0000000097100000, 0x0000000097100000| Untracked 
| 370|0x0000000097200000, 0x0000000097200000, 0x0000000097300000|  0%| F|  |TAMS 0x0000000097200000, 0x0000000097200000| Untracked 
| 371|0x0000000097300000, 0x0000000097300000, 0x0000000097400000|  0%| F|  |TAMS 0x0000000097300000, 0x0000000097300000| Untracked 
| 372|0x0000000097400000, 0x0000000097400000, 0x0000000097500000|  0%| F|  |TAMS 0x0000000097400000, 0x0000000097400000| Untracked 
| 373|0x0000000097500000, 0x0000000097500000, 0x0000000097600000|  0%| F|  |TAMS 0x0000000097500000, 0x0000000097500000| Untracked 
| 374|0x0000000097600000, 0x0000000097600000, 0x0000000097700000|  0%| F|  |TAMS 0x0000000097600000, 0x0000000097600000| Untracked 
| 375|0x0000000097700000, 0x0000000097700000, 0x0000000097800000|  0%| F|  |TAMS 0x0000000097700000, 0x0000000097700000| Untracked 
| 376|0x0000000097800000, 0x0000000097800000, 0x0000000097900000|  0%| F|  |TAMS 0x0000000097800000, 0x0000000097800000| Untracked 
| 377|0x0000000097900000, 0x0000000097900000, 0x0000000097a00000|  0%| F|  |TAMS 0x0000000097900000, 0x0000000097900000| Untracked 
| 378|0x0000000097a00000, 0x0000000097a00000, 0x0000000097b00000|  0%| F|  |TAMS 0x0000000097a00000, 0x0000000097a00000| Untracked 
| 379|0x0000000097b00000, 0x0000000097b00000, 0x0000000097c00000|  0%| F|  |TAMS 0x0000000097b00000, 0x0000000097b00000| Untracked 
| 380|0x0000000097c00000, 0x0000000097c00000, 0x0000000097d00000|  0%| F|  |TAMS 0x0000000097c00000, 0x0000000097c00000| Untracked 
| 381|0x0000000097d00000, 0x0000000097d00000, 0x0000000097e00000|  0%| F|  |TAMS 0x0000000097d00000, 0x0000000097d00000| Untracked 
| 382|0x0000000097e00000, 0x0000000097e00000, 0x0000000097f00000|  0%| F|  |TAMS 0x0000000097e00000, 0x0000000097e00000| Untracked 
| 383|0x0000000097f00000, 0x0000000097f00000, 0x0000000098000000|  0%| F|  |TAMS 0x0000000097f00000, 0x0000000097f00000| Untracked 
| 384|0x0000000098000000, 0x0000000098000000, 0x0000000098100000|  0%| F|  |TAMS 0x0000000098000000, 0x0000000098000000| Untracked 
| 385|0x0000000098100000, 0x0000000098100000, 0x0000000098200000|  0%| F|  |TAMS 0x0000000098100000, 0x0000000098100000| Untracked 
| 386|0x0000000098200000, 0x0000000098200000, 0x0000000098300000|  0%| F|  |TAMS 0x0000000098200000, 0x0000000098200000| Untracked 
| 387|0x0000000098300000, 0x0000000098300000, 0x0000000098400000|  0%| F|  |TAMS 0x0000000098300000, 0x0000000098300000| Untracked 
| 388|0x0000000098400000, 0x0000000098400000, 0x0000000098500000|  0%| F|  |TAMS 0x0000000098400000, 0x0000000098400000| Untracked 
| 389|0x0000000098500000, 0x0000000098500000, 0x0000000098600000|  0%| F|  |TAMS 0x0000000098500000, 0x0000000098500000| Untracked 
| 390|0x0000000098600000, 0x0000000098600000, 0x0000000098700000|  0%| F|  |TAMS 0x0000000098600000, 0x0000000098600000| Untracked 
| 391|0x0000000098700000, 0x0000000098700000, 0x0000000098800000|  0%| F|  |TAMS 0x0000000098700000, 0x0000000098700000| Untracked 
| 392|0x0000000098800000, 0x0000000098800000, 0x0000000098900000|  0%| F|  |TAMS 0x0000000098800000, 0x0000000098800000| Untracked 
| 393|0x0000000098900000, 0x0000000098900000, 0x0000000098a00000|  0%| F|  |TAMS 0x0000000098900000, 0x0000000098900000| Untracked 
| 394|0x0000000098a00000, 0x0000000098a00000, 0x0000000098b00000|  0%| F|  |TAMS 0x0000000098a00000, 0x0000000098a00000| Untracked 
| 395|0x0000000098b00000, 0x0000000098b00000, 0x0000000098c00000|  0%| F|  |TAMS 0x0000000098b00000, 0x0000000098b00000| Untracked 
| 396|0x0000000098c00000, 0x0000000098c00000, 0x0000000098d00000|  0%| F|  |TAMS 0x0000000098c00000, 0x0000000098c00000| Untracked 
| 397|0x0000000098d00000, 0x0000000098d00000, 0x0000000098e00000|  0%| F|  |TAMS 0x0000000098d00000, 0x0000000098d00000| Untracked 
| 398|0x0000000098e00000, 0x0000000098e00000, 0x0000000098f00000|  0%| F|  |TAMS 0x0000000098e00000, 0x0000000098e00000| Untracked 
| 399|0x0000000098f00000, 0x0000000098f00000, 0x0000000099000000|  0%| F|  |TAMS 0x0000000098f00000, 0x0000000098f00000| Untracked 
| 400|0x0000000099000000, 0x0000000099000000, 0x0000000099100000|  0%| F|  |TAMS 0x0000000099000000, 0x0000000099000000| Untracked 
| 401|0x0000000099100000, 0x0000000099100000, 0x0000000099200000|  0%| F|  |TAMS 0x0000000099100000, 0x0000000099100000| Untracked 
| 402|0x0000000099200000, 0x0000000099200000, 0x0000000099300000|  0%| F|  |TAMS 0x0000000099200000, 0x0000000099200000| Untracked 
| 403|0x0000000099300000, 0x0000000099300000, 0x0000000099400000|  0%| F|  |TAMS 0x0000000099300000, 0x0000000099300000| Untracked 
| 404|0x0000000099400000, 0x0000000099400000, 0x0000000099500000|  0%| F|  |TAMS 0x0000000099400000, 0x0000000099400000| Untracked 
| 405|0x0000000099500000, 0x0000000099500000, 0x0000000099600000|  0%| F|  |TAMS 0x0000000099500000, 0x0000000099500000| Untracked 
| 406|0x0000000099600000, 0x0000000099600000, 0x0000000099700000|  0%| F|  |TAMS 0x0000000099600000, 0x0000000099600000| Untracked 
| 407|0x0000000099700000, 0x0000000099700000, 0x0000000099800000|  0%| F|  |TAMS 0x0000000099700000, 0x0000000099700000| Untracked 
| 408|0x0000000099800000, 0x0000000099800000, 0x0000000099900000|  0%| F|  |TAMS 0x0000000099800000, 0x0000000099800000| Untracked 
| 409|0x0000000099900000, 0x0000000099900000, 0x0000000099a00000|  0%| F|  |TAMS 0x0000000099900000, 0x0000000099900000| Untracked 
| 410|0x0000000099a00000, 0x0000000099a00000, 0x0000000099b00000|  0%| F|  |TAMS 0x0000000099a00000, 0x0000000099a00000| Untracked 
| 411|0x0000000099b00000, 0x0000000099b00000, 0x0000000099c00000|  0%| F|  |TAMS 0x0000000099b00000, 0x0000000099b00000| Untracked 
| 412|0x0000000099c00000, 0x0000000099c00000, 0x0000000099d00000|  0%| F|  |TAMS 0x0000000099c00000, 0x0000000099c00000| Untracked 
| 413|0x0000000099d00000, 0x0000000099d00000, 0x0000000099e00000|  0%| F|  |TAMS 0x0000000099d00000, 0x0000000099d00000| Untracked 
| 414|0x0000000099e00000, 0x0000000099e00000, 0x0000000099f00000|  0%| F|  |TAMS 0x0000000099e00000, 0x0000000099e00000| Untracked 
| 415|0x0000000099f00000, 0x0000000099f00000, 0x000000009a000000|  0%| F|  |TAMS 0x0000000099f00000, 0x0000000099f00000| Untracked 
| 416|0x000000009a000000, 0x000000009a000000, 0x000000009a100000|  0%| F|  |TAMS 0x000000009a000000, 0x000000009a000000| Untracked 
| 417|0x000000009a100000, 0x000000009a100000, 0x000000009a200000|  0%| F|  |TAMS 0x000000009a100000, 0x000000009a100000| Untracked 
| 418|0x000000009a200000, 0x000000009a200000, 0x000000009a300000|  0%| F|  |TAMS 0x000000009a200000, 0x000000009a200000| Untracked 
| 419|0x000000009a300000, 0x000000009a300000, 0x000000009a400000|  0%| F|  |TAMS 0x000000009a300000, 0x000000009a300000| Untracked 
| 420|0x000000009a400000, 0x000000009a400000, 0x000000009a500000|  0%| F|  |TAMS 0x000000009a400000, 0x000000009a400000| Untracked 
| 421|0x000000009a500000, 0x000000009a500000, 0x000000009a600000|  0%| F|  |TAMS 0x000000009a500000, 0x000000009a500000| Untracked 
| 422|0x000000009a600000, 0x000000009a600000, 0x000000009a700000|  0%| F|  |TAMS 0x000000009a600000, 0x000000009a600000| Untracked 
| 423|0x000000009a700000, 0x000000009a700000, 0x000000009a800000|  0%| F|  |TAMS 0x000000009a700000, 0x000000009a700000| Untracked 
| 424|0x000000009a800000, 0x000000009a800000, 0x000000009a900000|  0%| F|  |TAMS 0x000000009a800000, 0x000000009a800000| Untracked 
| 425|0x000000009a900000, 0x000000009a900000, 0x000000009aa00000|  0%| F|  |TAMS 0x000000009a900000, 0x000000009a900000| Untracked 
| 426|0x000000009aa00000, 0x000000009aa00000, 0x000000009ab00000|  0%| F|  |TAMS 0x000000009aa00000, 0x000000009aa00000| Untracked 
| 427|0x000000009ab00000, 0x000000009ab00000, 0x000000009ac00000|  0%| F|  |TAMS 0x000000009ab00000, 0x000000009ab00000| Untracked 
| 428|0x000000009ac00000, 0x000000009ac00000, 0x000000009ad00000|  0%| F|  |TAMS 0x000000009ac00000, 0x000000009ac00000| Untracked 
| 429|0x000000009ad00000, 0x000000009ad00000, 0x000000009ae00000|  0%| F|  |TAMS 0x000000009ad00000, 0x000000009ad00000| Untracked 
| 430|0x000000009ae00000, 0x000000009ae00000, 0x000000009af00000|  0%| F|  |TAMS 0x000000009ae00000, 0x000000009ae00000| Untracked 
| 431|0x000000009af00000, 0x000000009af00000, 0x000000009b000000|  0%| F|  |TAMS 0x000000009af00000, 0x000000009af00000| Untracked 
| 432|0x000000009b000000, 0x000000009b000000, 0x000000009b100000|  0%| F|  |TAMS 0x000000009b000000, 0x000000009b000000| Untracked 
| 433|0x000000009b100000, 0x000000009b100000, 0x000000009b200000|  0%| F|  |TAMS 0x000000009b100000, 0x000000009b100000| Untracked 
| 434|0x000000009b200000, 0x000000009b200000, 0x000000009b300000|  0%| F|  |TAMS 0x000000009b200000, 0x000000009b200000| Untracked 
| 435|0x000000009b300000, 0x000000009b300000, 0x000000009b400000|  0%| F|  |TAMS 0x000000009b300000, 0x000000009b300000| Untracked 
| 436|0x000000009b400000, 0x000000009b400000, 0x000000009b500000|  0%| F|  |TAMS 0x000000009b400000, 0x000000009b400000| Untracked 
| 437|0x000000009b500000, 0x000000009b500000, 0x000000009b600000|  0%| F|  |TAMS 0x000000009b500000, 0x000000009b500000| Untracked 
| 438|0x000000009b600000, 0x000000009b600000, 0x000000009b700000|  0%| F|  |TAMS 0x000000009b600000, 0x000000009b600000| Untracked 
| 439|0x000000009b700000, 0x000000009b700000, 0x000000009b800000|  0%| F|  |TAMS 0x000000009b700000, 0x000000009b700000| Untracked 
| 440|0x000000009b800000, 0x000000009b800000, 0x000000009b900000|  0%| F|  |TAMS 0x000000009b800000, 0x000000009b800000| Untracked 
| 441|0x000000009b900000, 0x000000009b900000, 0x000000009ba00000|  0%| F|  |TAMS 0x000000009b900000, 0x000000009b900000| Untracked 
| 442|0x000000009ba00000, 0x000000009ba00000, 0x000000009bb00000|  0%| F|  |TAMS 0x000000009ba00000, 0x000000009ba00000| Untracked 
| 443|0x000000009bb00000, 0x000000009bb00000, 0x000000009bc00000|  0%| F|  |TAMS 0x000000009bb00000, 0x000000009bb00000| Untracked 
| 444|0x000000009bc00000, 0x000000009bc00000, 0x000000009bd00000|  0%| F|  |TAMS 0x000000009bc00000, 0x000000009bc00000| Untracked 
| 445|0x000000009bd00000, 0x000000009bd00000, 0x000000009be00000|  0%| F|  |TAMS 0x000000009bd00000, 0x000000009bd00000| Untracked 
| 446|0x000000009be00000, 0x000000009be00000, 0x000000009bf00000|  0%| F|  |TAMS 0x000000009be00000, 0x000000009be00000| Untracked 
| 447|0x000000009bf00000, 0x000000009bf00000, 0x000000009c000000|  0%| F|  |TAMS 0x000000009bf00000, 0x000000009bf00000| Untracked 
| 448|0x000000009c000000, 0x000000009c000000, 0x000000009c100000|  0%| F|  |TAMS 0x000000009c000000, 0x000000009c000000| Untracked 
| 449|0x000000009c100000, 0x000000009c100000, 0x000000009c200000|  0%| F|  |TAMS 0x000000009c100000, 0x000000009c100000| Untracked 
| 450|0x000000009c200000, 0x000000009c200000, 0x000000009c300000|  0%| F|  |TAMS 0x000000009c200000, 0x000000009c200000| Untracked 
| 451|0x000000009c300000, 0x000000009c300000, 0x000000009c400000|  0%| F|  |TAMS 0x000000009c300000, 0x000000009c300000| Untracked 
| 452|0x000000009c400000, 0x000000009c400000, 0x000000009c500000|  0%| F|  |TAMS 0x000000009c400000, 0x000000009c400000| Untracked 
| 453|0x000000009c500000, 0x000000009c500000, 0x000000009c600000|  0%| F|  |TAMS 0x000000009c500000, 0x000000009c500000| Untracked 
| 454|0x000000009c600000, 0x000000009c600000, 0x000000009c700000|  0%| F|  |TAMS 0x000000009c600000, 0x000000009c600000| Untracked 
| 455|0x000000009c700000, 0x000000009c700000, 0x000000009c800000|  0%| F|  |TAMS 0x000000009c700000, 0x000000009c700000| Untracked 
| 456|0x000000009c800000, 0x000000009c800000, 0x000000009c900000|  0%| F|  |TAMS 0x000000009c800000, 0x000000009c800000| Untracked 
| 457|0x000000009c900000, 0x000000009c900000, 0x000000009ca00000|  0%| F|  |TAMS 0x000000009c900000, 0x000000009c900000| Untracked 
| 458|0x000000009ca00000, 0x000000009ca00000, 0x000000009cb00000|  0%| F|  |TAMS 0x000000009ca00000, 0x000000009ca00000| Untracked 
| 459|0x000000009cb00000, 0x000000009cb00000, 0x000000009cc00000|  0%| F|  |TAMS 0x000000009cb00000, 0x000000009cb00000| Untracked 
| 460|0x000000009cc00000, 0x000000009cc00000, 0x000000009cd00000|  0%| F|  |TAMS 0x000000009cc00000, 0x000000009cc00000| Untracked 
| 461|0x000000009cd00000, 0x000000009cd00000, 0x000000009ce00000|  0%| F|  |TAMS 0x000000009cd00000, 0x000000009cd00000| Untracked 
| 462|0x000000009ce00000, 0x000000009ce00000, 0x000000009cf00000|  0%| F|  |TAMS 0x000000009ce00000, 0x000000009ce00000| Untracked 
| 463|0x000000009cf00000, 0x000000009cf00000, 0x000000009d000000|  0%| F|  |TAMS 0x000000009cf00000, 0x000000009cf00000| Untracked 
| 464|0x000000009d000000, 0x000000009d000000, 0x000000009d100000|  0%| F|  |TAMS 0x000000009d000000, 0x000000009d000000| Untracked 
| 465|0x000000009d100000, 0x000000009d100000, 0x000000009d200000|  0%| F|  |TAMS 0x000000009d100000, 0x000000009d100000| Untracked 
| 466|0x000000009d200000, 0x000000009d200000, 0x000000009d300000|  0%| F|  |TAMS 0x000000009d200000, 0x000000009d200000| Untracked 
| 467|0x000000009d300000, 0x000000009d300000, 0x000000009d400000|  0%| F|  |TAMS 0x000000009d300000, 0x000000009d300000| Untracked 
| 468|0x000000009d400000, 0x000000009d400000, 0x000000009d500000|  0%| F|  |TAMS 0x000000009d400000, 0x000000009d400000| Untracked 
| 469|0x000000009d500000, 0x000000009d500000, 0x000000009d600000|  0%| F|  |TAMS 0x000000009d500000, 0x000000009d500000| Untracked 
| 470|0x000000009d600000, 0x000000009d600000, 0x000000009d700000|  0%| F|  |TAMS 0x000000009d600000, 0x000000009d600000| Untracked 
| 471|0x000000009d700000, 0x000000009d700000, 0x000000009d800000|  0%| F|  |TAMS 0x000000009d700000, 0x000000009d700000| Untracked 
| 472|0x000000009d800000, 0x000000009d800000, 0x000000009d900000|  0%| F|  |TAMS 0x000000009d800000, 0x000000009d800000| Untracked 
| 473|0x000000009d900000, 0x000000009d900000, 0x000000009da00000|  0%| F|  |TAMS 0x000000009d900000, 0x000000009d900000| Untracked 
| 474|0x000000009da00000, 0x000000009da00000, 0x000000009db00000|  0%| F|  |TAMS 0x000000009da00000, 0x000000009da00000| Untracked 
| 475|0x000000009db00000, 0x000000009db00000, 0x000000009dc00000|  0%| F|  |TAMS 0x000000009db00000, 0x000000009db00000| Untracked 
| 476|0x000000009dc00000, 0x000000009dc00000, 0x000000009dd00000|  0%| F|  |TAMS 0x000000009dc00000, 0x000000009dc00000| Untracked 
| 477|0x000000009dd00000, 0x000000009dd00000, 0x000000009de00000|  0%| F|  |TAMS 0x000000009dd00000, 0x000000009dd00000| Untracked 
| 478|0x000000009de00000, 0x000000009de00000, 0x000000009df00000|  0%| F|  |TAMS 0x000000009de00000, 0x000000009de00000| Untracked 
| 479|0x000000009df00000, 0x000000009df00000, 0x000000009e000000|  0%| F|  |TAMS 0x000000009df00000, 0x000000009df00000| Untracked 
| 480|0x000000009e000000, 0x000000009e000000, 0x000000009e100000|  0%| F|  |TAMS 0x000000009e000000, 0x000000009e000000| Untracked 
| 481|0x000000009e100000, 0x000000009e100000, 0x000000009e200000|  0%| F|  |TAMS 0x000000009e100000, 0x000000009e100000| Untracked 
| 482|0x000000009e200000, 0x000000009e200000, 0x000000009e300000|  0%| F|  |TAMS 0x000000009e200000, 0x000000009e200000| Untracked 
| 483|0x000000009e300000, 0x000000009e300000, 0x000000009e400000|  0%| F|  |TAMS 0x000000009e300000, 0x000000009e300000| Untracked 
| 484|0x000000009e400000, 0x000000009e400000, 0x000000009e500000|  0%| F|  |TAMS 0x000000009e400000, 0x000000009e400000| Untracked 
| 485|0x000000009e500000, 0x000000009e500000, 0x000000009e600000|  0%| F|  |TAMS 0x000000009e500000, 0x000000009e500000| Untracked 
| 486|0x000000009e600000, 0x000000009e600000, 0x000000009e700000|  0%| F|  |TAMS 0x000000009e600000, 0x000000009e600000| Untracked 
| 487|0x000000009e700000, 0x000000009e700000, 0x000000009e800000|  0%| F|  |TAMS 0x000000009e700000, 0x000000009e700000| Untracked 
| 488|0x000000009e800000, 0x000000009e800000, 0x000000009e900000|  0%| F|  |TAMS 0x000000009e800000, 0x000000009e800000| Untracked 
| 489|0x000000009e900000, 0x000000009e900000, 0x000000009ea00000|  0%| F|  |TAMS 0x000000009e900000, 0x000000009e900000| Untracked 
| 490|0x000000009ea00000, 0x000000009ea00000, 0x000000009eb00000|  0%| F|  |TAMS 0x000000009ea00000, 0x000000009ea00000| Untracked 
| 491|0x000000009eb00000, 0x000000009eb00000, 0x000000009ec00000|  0%| F|  |TAMS 0x000000009eb00000, 0x000000009eb00000| Untracked 
| 492|0x000000009ec00000, 0x000000009ec00000, 0x000000009ed00000|  0%| F|  |TAMS 0x000000009ec00000, 0x000000009ec00000| Untracked 
| 493|0x000000009ed00000, 0x000000009ed00000, 0x000000009ee00000|  0%| F|  |TAMS 0x000000009ed00000, 0x000000009ed00000| Untracked 
| 494|0x000000009ee00000, 0x000000009ee00000, 0x000000009ef00000|  0%| F|  |TAMS 0x000000009ee00000, 0x000000009ee00000| Untracked 
| 495|0x000000009ef00000, 0x000000009ef00000, 0x000000009f000000|  0%| F|  |TAMS 0x000000009ef00000, 0x000000009ef00000| Untracked 
| 496|0x000000009f000000, 0x000000009f000000, 0x000000009f100000|  0%| F|  |TAMS 0x000000009f000000, 0x000000009f000000| Untracked 
| 497|0x000000009f100000, 0x000000009f100000, 0x000000009f200000|  0%| F|  |TAMS 0x000000009f100000, 0x000000009f100000| Untracked 
| 498|0x000000009f200000, 0x000000009f200000, 0x000000009f300000|  0%| F|  |TAMS 0x000000009f200000, 0x000000009f200000| Untracked 
| 499|0x000000009f300000, 0x000000009f300000, 0x000000009f400000|  0%| F|  |TAMS 0x000000009f300000, 0x000000009f300000| Untracked 
| 500|0x000000009f400000, 0x000000009f400000, 0x000000009f500000|  0%| F|  |TAMS 0x000000009f400000, 0x000000009f400000| Untracked 
| 501|0x000000009f500000, 0x000000009f500000, 0x000000009f600000|  0%| F|  |TAMS 0x000000009f500000, 0x000000009f500000| Untracked 
| 502|0x000000009f600000, 0x000000009f600000, 0x000000009f700000|  0%| F|  |TAMS 0x000000009f600000, 0x000000009f600000| Untracked 
| 503|0x000000009f700000, 0x000000009f700000, 0x000000009f800000|  0%| F|  |TAMS 0x000000009f700000, 0x000000009f700000| Untracked 
| 504|0x000000009f800000, 0x000000009f800000, 0x000000009f900000|  0%| F|  |TAMS 0x000000009f800000, 0x000000009f800000| Untracked 
| 505|0x000000009f900000, 0x000000009f900000, 0x000000009fa00000|  0%| F|  |TAMS 0x000000009f900000, 0x000000009f900000| Untracked 
| 506|0x000000009fa00000, 0x000000009fa00000, 0x000000009fb00000|  0%| F|  |TAMS 0x000000009fa00000, 0x000000009fa00000| Untracked 
| 507|0x000000009fb00000, 0x000000009fb00000, 0x000000009fc00000|  0%| F|  |TAMS 0x000000009fb00000, 0x000000009fb00000| Untracked 
| 508|0x000000009fc00000, 0x000000009fc00000, 0x000000009fd00000|  0%| F|  |TAMS 0x000000009fc00000, 0x000000009fc00000| Untracked 
| 509|0x000000009fd00000, 0x000000009fd00000, 0x000000009fe00000|  0%| F|  |TAMS 0x000000009fd00000, 0x000000009fd00000| Untracked 
| 510|0x000000009fe00000, 0x000000009fe00000, 0x000000009ff00000|  0%| F|  |TAMS 0x000000009fe00000, 0x000000009fe00000| Untracked 
| 511|0x000000009ff00000, 0x000000009ff00000, 0x00000000a0000000|  0%| F|  |TAMS 0x000000009ff00000, 0x000000009ff00000| Untracked 
| 512|0x00000000a0000000, 0x00000000a0000000, 0x00000000a0100000|  0%| F|  |TAMS 0x00000000a0000000, 0x00000000a0000000| Untracked 
| 513|0x00000000a0100000, 0x00000000a0100000, 0x00000000a0200000|  0%| F|  |TAMS 0x00000000a0100000, 0x00000000a0100000| Untracked 
| 514|0x00000000a0200000, 0x00000000a0200000, 0x00000000a0300000|  0%| F|  |TAMS 0x00000000a0200000, 0x00000000a0200000| Untracked 
| 515|0x00000000a0300000, 0x00000000a0300000, 0x00000000a0400000|  0%| F|  |TAMS 0x00000000a0300000, 0x00000000a0300000| Untracked 
| 516|0x00000000a0400000, 0x00000000a0400000, 0x00000000a0500000|  0%| F|  |TAMS 0x00000000a0400000, 0x00000000a0400000| Untracked 
| 517|0x00000000a0500000, 0x00000000a0500000, 0x00000000a0600000|  0%| F|  |TAMS 0x00000000a0500000, 0x00000000a0500000| Untracked 
| 518|0x00000000a0600000, 0x00000000a0600000, 0x00000000a0700000|  0%| F|  |TAMS 0x00000000a0600000, 0x00000000a0600000| Untracked 
| 519|0x00000000a0700000, 0x00000000a0700000, 0x00000000a0800000|  0%| F|  |TAMS 0x00000000a0700000, 0x00000000a0700000| Untracked 
| 520|0x00000000a0800000, 0x00000000a0800000, 0x00000000a0900000|  0%| F|  |TAMS 0x00000000a0800000, 0x00000000a0800000| Untracked 
| 521|0x00000000a0900000, 0x00000000a0900000, 0x00000000a0a00000|  0%| F|  |TAMS 0x00000000a0900000, 0x00000000a0900000| Untracked 
| 522|0x00000000a0a00000, 0x00000000a0a00000, 0x00000000a0b00000|  0%| F|  |TAMS 0x00000000a0a00000, 0x00000000a0a00000| Untracked 
| 523|0x00000000a0b00000, 0x00000000a0b00000, 0x00000000a0c00000|  0%| F|  |TAMS 0x00000000a0b00000, 0x00000000a0b00000| Untracked 
| 524|0x00000000a0c00000, 0x00000000a0c00000, 0x00000000a0d00000|  0%| F|  |TAMS 0x00000000a0c00000, 0x00000000a0c00000| Untracked 
| 525|0x00000000a0d00000, 0x00000000a0d00000, 0x00000000a0e00000|  0%| F|  |TAMS 0x00000000a0d00000, 0x00000000a0d00000| Untracked 
| 526|0x00000000a0e00000, 0x00000000a0e00000, 0x00000000a0f00000|  0%| F|  |TAMS 0x00000000a0e00000, 0x00000000a0e00000| Untracked 
| 527|0x00000000a0f00000, 0x00000000a0f00000, 0x00000000a1000000|  0%| F|  |TAMS 0x00000000a0f00000, 0x00000000a0f00000| Untracked 
| 528|0x00000000a1000000, 0x00000000a1000000, 0x00000000a1100000|  0%| F|  |TAMS 0x00000000a1000000, 0x00000000a1000000| Untracked 
| 529|0x00000000a1100000, 0x00000000a1100000, 0x00000000a1200000|  0%| F|  |TAMS 0x00000000a1100000, 0x00000000a1100000| Untracked 
| 530|0x00000000a1200000, 0x00000000a1200000, 0x00000000a1300000|  0%| F|  |TAMS 0x00000000a1200000, 0x00000000a1200000| Untracked 
| 531|0x00000000a1300000, 0x00000000a1300000, 0x00000000a1400000|  0%| F|  |TAMS 0x00000000a1300000, 0x00000000a1300000| Untracked 
| 532|0x00000000a1400000, 0x00000000a1400000, 0x00000000a1500000|  0%| F|  |TAMS 0x00000000a1400000, 0x00000000a1400000| Untracked 
| 533|0x00000000a1500000, 0x00000000a1500000, 0x00000000a1600000|  0%| F|  |TAMS 0x00000000a1500000, 0x00000000a1500000| Untracked 
| 534|0x00000000a1600000, 0x00000000a1600000, 0x00000000a1700000|  0%| F|  |TAMS 0x00000000a1600000, 0x00000000a1600000| Untracked 
| 535|0x00000000a1700000, 0x00000000a1700000, 0x00000000a1800000|  0%| F|  |TAMS 0x00000000a1700000, 0x00000000a1700000| Untracked 
| 536|0x00000000a1800000, 0x00000000a1800000, 0x00000000a1900000|  0%| F|  |TAMS 0x00000000a1800000, 0x00000000a1800000| Untracked 
| 537|0x00000000a1900000, 0x00000000a1900000, 0x00000000a1a00000|  0%| F|  |TAMS 0x00000000a1900000, 0x00000000a1900000| Untracked 
| 538|0x00000000a1a00000, 0x00000000a1a00000, 0x00000000a1b00000|  0%| F|  |TAMS 0x00000000a1a00000, 0x00000000a1a00000| Untracked 
| 539|0x00000000a1b00000, 0x00000000a1b00000, 0x00000000a1c00000|  0%| F|  |TAMS 0x00000000a1b00000, 0x00000000a1b00000| Untracked 
| 540|0x00000000a1c00000, 0x00000000a1c00000, 0x00000000a1d00000|  0%| F|  |TAMS 0x00000000a1c00000, 0x00000000a1c00000| Untracked 
| 541|0x00000000a1d00000, 0x00000000a1d00000, 0x00000000a1e00000|  0%| F|  |TAMS 0x00000000a1d00000, 0x00000000a1d00000| Untracked 
| 542|0x00000000a1e00000, 0x00000000a1e00000, 0x00000000a1f00000|  0%| F|  |TAMS 0x00000000a1e00000, 0x00000000a1e00000| Untracked 
| 543|0x00000000a1f00000, 0x00000000a1f00000, 0x00000000a2000000|  0%| F|  |TAMS 0x00000000a1f00000, 0x00000000a1f00000| Untracked 
| 544|0x00000000a2000000, 0x00000000a2000000, 0x00000000a2100000|  0%| F|  |TAMS 0x00000000a2000000, 0x00000000a2000000| Untracked 
| 545|0x00000000a2100000, 0x00000000a2100000, 0x00000000a2200000|  0%| F|  |TAMS 0x00000000a2100000, 0x00000000a2100000| Untracked 
| 546|0x00000000a2200000, 0x00000000a2200000, 0x00000000a2300000|  0%| F|  |TAMS 0x00000000a2200000, 0x00000000a2200000| Untracked 
| 547|0x00000000a2300000, 0x00000000a2300000, 0x00000000a2400000|  0%| F|  |TAMS 0x00000000a2300000, 0x00000000a2300000| Untracked 
| 548|0x00000000a2400000, 0x00000000a2400000, 0x00000000a2500000|  0%| F|  |TAMS 0x00000000a2400000, 0x00000000a2400000| Untracked 
| 549|0x00000000a2500000, 0x00000000a2500000, 0x00000000a2600000|  0%| F|  |TAMS 0x00000000a2500000, 0x00000000a2500000| Untracked 
| 550|0x00000000a2600000, 0x00000000a2600000, 0x00000000a2700000|  0%| F|  |TAMS 0x00000000a2600000, 0x00000000a2600000| Untracked 
| 551|0x00000000a2700000, 0x00000000a2700000, 0x00000000a2800000|  0%| F|  |TAMS 0x00000000a2700000, 0x00000000a2700000| Untracked 
| 552|0x00000000a2800000, 0x00000000a2800000, 0x00000000a2900000|  0%| F|  |TAMS 0x00000000a2800000, 0x00000000a2800000| Untracked 
| 553|0x00000000a2900000, 0x00000000a2900000, 0x00000000a2a00000|  0%| F|  |TAMS 0x00000000a2900000, 0x00000000a2900000| Untracked 
| 554|0x00000000a2a00000, 0x00000000a2a00000, 0x00000000a2b00000|  0%| F|  |TAMS 0x00000000a2a00000, 0x00000000a2a00000| Untracked 
| 555|0x00000000a2b00000, 0x00000000a2b00000, 0x00000000a2c00000|  0%| F|  |TAMS 0x00000000a2b00000, 0x00000000a2b00000| Untracked 
| 556|0x00000000a2c00000, 0x00000000a2c00000, 0x00000000a2d00000|  0%| F|  |TAMS 0x00000000a2c00000, 0x00000000a2c00000| Untracked 
| 557|0x00000000a2d00000, 0x00000000a2d00000, 0x00000000a2e00000|  0%| F|  |TAMS 0x00000000a2d00000, 0x00000000a2d00000| Untracked 
| 558|0x00000000a2e00000, 0x00000000a2e00000, 0x00000000a2f00000|  0%| F|  |TAMS 0x00000000a2e00000, 0x00000000a2e00000| Untracked 
| 559|0x00000000a2f00000, 0x00000000a2f00000, 0x00000000a3000000|  0%| F|  |TAMS 0x00000000a2f00000, 0x00000000a2f00000| Untracked 
| 560|0x00000000a3000000, 0x00000000a3000000, 0x00000000a3100000|  0%| F|  |TAMS 0x00000000a3000000, 0x00000000a3000000| Untracked 
| 561|0x00000000a3100000, 0x00000000a3100000, 0x00000000a3200000|  0%| F|  |TAMS 0x00000000a3100000, 0x00000000a3100000| Untracked 
| 562|0x00000000a3200000, 0x00000000a3200000, 0x00000000a3300000|  0%| F|  |TAMS 0x00000000a3200000, 0x00000000a3200000| Untracked 
| 563|0x00000000a3300000, 0x00000000a3300000, 0x00000000a3400000|  0%| F|  |TAMS 0x00000000a3300000, 0x00000000a3300000| Untracked 
| 564|0x00000000a3400000, 0x00000000a3400000, 0x00000000a3500000|  0%| F|  |TAMS 0x00000000a3400000, 0x00000000a3400000| Untracked 
| 565|0x00000000a3500000, 0x00000000a3500000, 0x00000000a3600000|  0%| F|  |TAMS 0x00000000a3500000, 0x00000000a3500000| Untracked 
| 566|0x00000000a3600000, 0x00000000a3600000, 0x00000000a3700000|  0%| F|  |TAMS 0x00000000a3600000, 0x00000000a3600000| Untracked 
| 567|0x00000000a3700000, 0x00000000a3700000, 0x00000000a3800000|  0%| F|  |TAMS 0x00000000a3700000, 0x00000000a3700000| Untracked 
| 568|0x00000000a3800000, 0x00000000a3800000, 0x00000000a3900000|  0%| F|  |TAMS 0x00000000a3800000, 0x00000000a3800000| Untracked 
| 569|0x00000000a3900000, 0x00000000a3900000, 0x00000000a3a00000|  0%| F|  |TAMS 0x00000000a3900000, 0x00000000a3900000| Untracked 
| 570|0x00000000a3a00000, 0x00000000a3a00000, 0x00000000a3b00000|  0%| F|  |TAMS 0x00000000a3a00000, 0x00000000a3a00000| Untracked 
| 571|0x00000000a3b00000, 0x00000000a3b00000, 0x00000000a3c00000|  0%| F|  |TAMS 0x00000000a3b00000, 0x00000000a3b00000| Untracked 
| 572|0x00000000a3c00000, 0x00000000a3c00000, 0x00000000a3d00000|  0%| F|  |TAMS 0x00000000a3c00000, 0x00000000a3c00000| Untracked 
| 573|0x00000000a3d00000, 0x00000000a3d00000, 0x00000000a3e00000|  0%| F|  |TAMS 0x00000000a3d00000, 0x00000000a3d00000| Untracked 
| 574|0x00000000a3e00000, 0x00000000a3e00000, 0x00000000a3f00000|  0%| F|  |TAMS 0x00000000a3e00000, 0x00000000a3e00000| Untracked 
| 575|0x00000000a3f00000, 0x00000000a3f00000, 0x00000000a4000000|  0%| F|  |TAMS 0x00000000a3f00000, 0x00000000a3f00000| Untracked 
| 576|0x00000000a4000000, 0x00000000a4000000, 0x00000000a4100000|  0%| F|  |TAMS 0x00000000a4000000, 0x00000000a4000000| Untracked 
| 577|0x00000000a4100000, 0x00000000a4100000, 0x00000000a4200000|  0%| F|  |TAMS 0x00000000a4100000, 0x00000000a4100000| Untracked 
| 578|0x00000000a4200000, 0x00000000a4200000, 0x00000000a4300000|  0%| F|  |TAMS 0x00000000a4200000, 0x00000000a4200000| Untracked 
| 579|0x00000000a4300000, 0x00000000a4300000, 0x00000000a4400000|  0%| F|  |TAMS 0x00000000a4300000, 0x00000000a4300000| Untracked 
| 580|0x00000000a4400000, 0x00000000a4400000, 0x00000000a4500000|  0%| F|  |TAMS 0x00000000a4400000, 0x00000000a4400000| Untracked 
| 581|0x00000000a4500000, 0x00000000a4500000, 0x00000000a4600000|  0%| F|  |TAMS 0x00000000a4500000, 0x00000000a4500000| Untracked 
| 582|0x00000000a4600000, 0x00000000a4600000, 0x00000000a4700000|  0%| F|  |TAMS 0x00000000a4600000, 0x00000000a4600000| Untracked 
| 583|0x00000000a4700000, 0x00000000a4700000, 0x00000000a4800000|  0%| F|  |TAMS 0x00000000a4700000, 0x00000000a4700000| Untracked 
| 584|0x00000000a4800000, 0x00000000a4800000, 0x00000000a4900000|  0%| F|  |TAMS 0x00000000a4800000, 0x00000000a4800000| Untracked 
| 585|0x00000000a4900000, 0x00000000a4900000, 0x00000000a4a00000|  0%| F|  |TAMS 0x00000000a4900000, 0x00000000a4900000| Untracked 
| 586|0x00000000a4a00000, 0x00000000a4a00000, 0x00000000a4b00000|  0%| F|  |TAMS 0x00000000a4a00000, 0x00000000a4a00000| Untracked 
| 587|0x00000000a4b00000, 0x00000000a4b00000, 0x00000000a4c00000|  0%| F|  |TAMS 0x00000000a4b00000, 0x00000000a4b00000| Untracked 
| 588|0x00000000a4c00000, 0x00000000a4c00000, 0x00000000a4d00000|  0%| F|  |TAMS 0x00000000a4c00000, 0x00000000a4c00000| Untracked 
| 589|0x00000000a4d00000, 0x00000000a4d00000, 0x00000000a4e00000|  0%| F|  |TAMS 0x00000000a4d00000, 0x00000000a4d00000| Untracked 
| 590|0x00000000a4e00000, 0x00000000a4e00000, 0x00000000a4f00000|  0%| F|  |TAMS 0x00000000a4e00000, 0x00000000a4e00000| Untracked 
| 591|0x00000000a4f00000, 0x00000000a4f00000, 0x00000000a5000000|  0%| F|  |TAMS 0x00000000a4f00000, 0x00000000a4f00000| Untracked 
| 592|0x00000000a5000000, 0x00000000a5000000, 0x00000000a5100000|  0%| F|  |TAMS 0x00000000a5000000, 0x00000000a5000000| Untracked 
| 593|0x00000000a5100000, 0x00000000a5100000, 0x00000000a5200000|  0%| F|  |TAMS 0x00000000a5100000, 0x00000000a5100000| Untracked 
| 594|0x00000000a5200000, 0x00000000a5200000, 0x00000000a5300000|  0%| F|  |TAMS 0x00000000a5200000, 0x00000000a5200000| Untracked 
| 595|0x00000000a5300000, 0x00000000a5300000, 0x00000000a5400000|  0%| F|  |TAMS 0x00000000a5300000, 0x00000000a5300000| Untracked 
| 596|0x00000000a5400000, 0x00000000a5400000, 0x00000000a5500000|  0%| F|  |TAMS 0x00000000a5400000, 0x00000000a5400000| Untracked 
| 597|0x00000000a5500000, 0x00000000a5500000, 0x00000000a5600000|  0%| F|  |TAMS 0x00000000a5500000, 0x00000000a5500000| Untracked 
| 598|0x00000000a5600000, 0x00000000a5600000, 0x00000000a5700000|  0%| F|  |TAMS 0x00000000a5600000, 0x00000000a5600000| Untracked 
| 599|0x00000000a5700000, 0x00000000a5700000, 0x00000000a5800000|  0%| F|  |TAMS 0x00000000a5700000, 0x00000000a5700000| Untracked 
| 600|0x00000000a5800000, 0x00000000a5800000, 0x00000000a5900000|  0%| F|  |TAMS 0x00000000a5800000, 0x00000000a5800000| Untracked 
| 601|0x00000000a5900000, 0x00000000a5900000, 0x00000000a5a00000|  0%| F|  |TAMS 0x00000000a5900000, 0x00000000a5900000| Untracked 
| 602|0x00000000a5a00000, 0x00000000a5a00000, 0x00000000a5b00000|  0%| F|  |TAMS 0x00000000a5a00000, 0x00000000a5a00000| Untracked 
| 603|0x00000000a5b00000, 0x00000000a5b00000, 0x00000000a5c00000|  0%| F|  |TAMS 0x00000000a5b00000, 0x00000000a5b00000| Untracked 
| 604|0x00000000a5c00000, 0x00000000a5c00000, 0x00000000a5d00000|  0%| F|  |TAMS 0x00000000a5c00000, 0x00000000a5c00000| Untracked 
| 605|0x00000000a5d00000, 0x00000000a5d00000, 0x00000000a5e00000|  0%| F|  |TAMS 0x00000000a5d00000, 0x00000000a5d00000| Untracked 
| 606|0x00000000a5e00000, 0x00000000a5e00000, 0x00000000a5f00000|  0%| F|  |TAMS 0x00000000a5e00000, 0x00000000a5e00000| Untracked 
| 607|0x00000000a5f00000, 0x00000000a5f00000, 0x00000000a6000000|  0%| F|  |TAMS 0x00000000a5f00000, 0x00000000a5f00000| Untracked 
| 608|0x00000000a6000000, 0x00000000a6000000, 0x00000000a6100000|  0%| F|  |TAMS 0x00000000a6000000, 0x00000000a6000000| Untracked 
| 609|0x00000000a6100000, 0x00000000a6100000, 0x00000000a6200000|  0%| F|  |TAMS 0x00000000a6100000, 0x00000000a6100000| Untracked 
| 610|0x00000000a6200000, 0x00000000a6200000, 0x00000000a6300000|  0%| F|  |TAMS 0x00000000a6200000, 0x00000000a6200000| Untracked 
| 611|0x00000000a6300000, 0x00000000a6300000, 0x00000000a6400000|  0%| F|  |TAMS 0x00000000a6300000, 0x00000000a6300000| Untracked 
| 612|0x00000000a6400000, 0x00000000a6400000, 0x00000000a6500000|  0%| F|  |TAMS 0x00000000a6400000, 0x00000000a6400000| Untracked 
| 613|0x00000000a6500000, 0x00000000a6500000, 0x00000000a6600000|  0%| F|  |TAMS 0x00000000a6500000, 0x00000000a6500000| Untracked 
| 614|0x00000000a6600000, 0x00000000a6600000, 0x00000000a6700000|  0%| F|  |TAMS 0x00000000a6600000, 0x00000000a6600000| Untracked 
| 615|0x00000000a6700000, 0x00000000a6700000, 0x00000000a6800000|  0%| F|  |TAMS 0x00000000a6700000, 0x00000000a6700000| Untracked 
| 616|0x00000000a6800000, 0x00000000a6800000, 0x00000000a6900000|  0%| F|  |TAMS 0x00000000a6800000, 0x00000000a6800000| Untracked 
| 617|0x00000000a6900000, 0x00000000a6900000, 0x00000000a6a00000|  0%| F|  |TAMS 0x00000000a6900000, 0x00000000a6900000| Untracked 
| 618|0x00000000a6a00000, 0x00000000a6a00000, 0x00000000a6b00000|  0%| F|  |TAMS 0x00000000a6a00000, 0x00000000a6a00000| Untracked 
| 619|0x00000000a6b00000, 0x00000000a6b00000, 0x00000000a6c00000|  0%| F|  |TAMS 0x00000000a6b00000, 0x00000000a6b00000| Untracked 
| 620|0x00000000a6c00000, 0x00000000a6c00000, 0x00000000a6d00000|  0%| F|  |TAMS 0x00000000a6c00000, 0x00000000a6c00000| Untracked 
| 621|0x00000000a6d00000, 0x00000000a6d00000, 0x00000000a6e00000|  0%| F|  |TAMS 0x00000000a6d00000, 0x00000000a6d00000| Untracked 
| 622|0x00000000a6e00000, 0x00000000a6e00000, 0x00000000a6f00000|  0%| F|  |TAMS 0x00000000a6e00000, 0x00000000a6e00000| Untracked 
| 623|0x00000000a6f00000, 0x00000000a6f00000, 0x00000000a7000000|  0%| F|  |TAMS 0x00000000a6f00000, 0x00000000a6f00000| Untracked 
| 624|0x00000000a7000000, 0x00000000a7000000, 0x00000000a7100000|  0%| F|  |TAMS 0x00000000a7000000, 0x00000000a7000000| Untracked 
| 625|0x00000000a7100000, 0x00000000a7100000, 0x00000000a7200000|  0%| F|  |TAMS 0x00000000a7100000, 0x00000000a7100000| Untracked 
| 626|0x00000000a7200000, 0x00000000a7200000, 0x00000000a7300000|  0%| F|  |TAMS 0x00000000a7200000, 0x00000000a7200000| Untracked 
| 627|0x00000000a7300000, 0x00000000a7300000, 0x00000000a7400000|  0%| F|  |TAMS 0x00000000a7300000, 0x00000000a7300000| Untracked 
| 628|0x00000000a7400000, 0x00000000a7400000, 0x00000000a7500000|  0%| F|  |TAMS 0x00000000a7400000, 0x00000000a7400000| Untracked 
| 629|0x00000000a7500000, 0x00000000a7500000, 0x00000000a7600000|  0%| F|  |TAMS 0x00000000a7500000, 0x00000000a7500000| Untracked 
| 630|0x00000000a7600000, 0x00000000a7600000, 0x00000000a7700000|  0%| F|  |TAMS 0x00000000a7600000, 0x00000000a7600000| Untracked 
| 631|0x00000000a7700000, 0x00000000a7700000, 0x00000000a7800000|  0%| F|  |TAMS 0x00000000a7700000, 0x00000000a7700000| Untracked 
| 632|0x00000000a7800000, 0x00000000a7800000, 0x00000000a7900000|  0%| F|  |TAMS 0x00000000a7800000, 0x00000000a7800000| Untracked 
| 633|0x00000000a7900000, 0x00000000a7900000, 0x00000000a7a00000|  0%| F|  |TAMS 0x00000000a7900000, 0x00000000a7900000| Untracked 
| 634|0x00000000a7a00000, 0x00000000a7a00000, 0x00000000a7b00000|  0%| F|  |TAMS 0x00000000a7a00000, 0x00000000a7a00000| Untracked 
| 635|0x00000000a7b00000, 0x00000000a7b00000, 0x00000000a7c00000|  0%| F|  |TAMS 0x00000000a7b00000, 0x00000000a7b00000| Untracked 
| 636|0x00000000a7c00000, 0x00000000a7c00000, 0x00000000a7d00000|  0%| F|  |TAMS 0x00000000a7c00000, 0x00000000a7c00000| Untracked 
| 637|0x00000000a7d00000, 0x00000000a7d00000, 0x00000000a7e00000|  0%| F|  |TAMS 0x00000000a7d00000, 0x00000000a7d00000| Untracked 
| 638|0x00000000a7e00000, 0x00000000a7e00000, 0x00000000a7f00000|  0%| F|  |TAMS 0x00000000a7e00000, 0x00000000a7e00000| Untracked 
| 639|0x00000000a7f00000, 0x00000000a7f00000, 0x00000000a8000000|  0%| F|  |TAMS 0x00000000a7f00000, 0x00000000a7f00000| Untracked 
| 640|0x00000000a8000000, 0x00000000a8000000, 0x00000000a8100000|  0%| F|  |TAMS 0x00000000a8000000, 0x00000000a8000000| Untracked 
| 641|0x00000000a8100000, 0x00000000a8100000, 0x00000000a8200000|  0%| F|  |TAMS 0x00000000a8100000, 0x00000000a8100000| Untracked 
| 642|0x00000000a8200000, 0x00000000a8200000, 0x00000000a8300000|  0%| F|  |TAMS 0x00000000a8200000, 0x00000000a8200000| Untracked 
| 643|0x00000000a8300000, 0x00000000a8300000, 0x00000000a8400000|  0%| F|  |TAMS 0x00000000a8300000, 0x00000000a8300000| Untracked 
| 644|0x00000000a8400000, 0x00000000a8400000, 0x00000000a8500000|  0%| F|  |TAMS 0x00000000a8400000, 0x00000000a8400000| Untracked 
| 645|0x00000000a8500000, 0x00000000a8500000, 0x00000000a8600000|  0%| F|  |TAMS 0x00000000a8500000, 0x00000000a8500000| Untracked 
| 646|0x00000000a8600000, 0x00000000a8600000, 0x00000000a8700000|  0%| F|  |TAMS 0x00000000a8600000, 0x00000000a8600000| Untracked 
| 647|0x00000000a8700000, 0x00000000a8700000, 0x00000000a8800000|  0%| F|  |TAMS 0x00000000a8700000, 0x00000000a8700000| Untracked 
| 648|0x00000000a8800000, 0x00000000a8800000, 0x00000000a8900000|  0%| F|  |TAMS 0x00000000a8800000, 0x00000000a8800000| Untracked 
| 649|0x00000000a8900000, 0x00000000a8900000, 0x00000000a8a00000|  0%| F|  |TAMS 0x00000000a8900000, 0x00000000a8900000| Untracked 
| 650|0x00000000a8a00000, 0x00000000a8a00000, 0x00000000a8b00000|  0%| F|  |TAMS 0x00000000a8a00000, 0x00000000a8a00000| Untracked 
| 651|0x00000000a8b00000, 0x00000000a8b00000, 0x00000000a8c00000|  0%| F|  |TAMS 0x00000000a8b00000, 0x00000000a8b00000| Untracked 
| 652|0x00000000a8c00000, 0x00000000a8c00000, 0x00000000a8d00000|  0%| F|  |TAMS 0x00000000a8c00000, 0x00000000a8c00000| Untracked 
| 653|0x00000000a8d00000, 0x00000000a8d00000, 0x00000000a8e00000|  0%| F|  |TAMS 0x00000000a8d00000, 0x00000000a8d00000| Untracked 
| 654|0x00000000a8e00000, 0x00000000a8e00000, 0x00000000a8f00000|  0%| F|  |TAMS 0x00000000a8e00000, 0x00000000a8e00000| Untracked 
| 655|0x00000000a8f00000, 0x00000000a8f00000, 0x00000000a9000000|  0%| F|  |TAMS 0x00000000a8f00000, 0x00000000a8f00000| Untracked 
| 656|0x00000000a9000000, 0x00000000a9000000, 0x00000000a9100000|  0%| F|  |TAMS 0x00000000a9000000, 0x00000000a9000000| Untracked 
| 657|0x00000000a9100000, 0x00000000a9100000, 0x00000000a9200000|  0%| F|  |TAMS 0x00000000a9100000, 0x00000000a9100000| Untracked 
| 658|0x00000000a9200000, 0x00000000a9200000, 0x00000000a9300000|  0%| F|  |TAMS 0x00000000a9200000, 0x00000000a9200000| Untracked 
| 659|0x00000000a9300000, 0x00000000a9300000, 0x00000000a9400000|  0%| F|  |TAMS 0x00000000a9300000, 0x00000000a9300000| Untracked 
| 660|0x00000000a9400000, 0x00000000a9400000, 0x00000000a9500000|  0%| F|  |TAMS 0x00000000a9400000, 0x00000000a9400000| Untracked 
| 661|0x00000000a9500000, 0x00000000a9500000, 0x00000000a9600000|  0%| F|  |TAMS 0x00000000a9500000, 0x00000000a9500000| Untracked 
| 662|0x00000000a9600000, 0x00000000a9600000, 0x00000000a9700000|  0%| F|  |TAMS 0x00000000a9600000, 0x00000000a9600000| Untracked 
| 663|0x00000000a9700000, 0x00000000a9700000, 0x00000000a9800000|  0%| F|  |TAMS 0x00000000a9700000, 0x00000000a9700000| Untracked 
| 664|0x00000000a9800000, 0x00000000a9800000, 0x00000000a9900000|  0%| F|  |TAMS 0x00000000a9800000, 0x00000000a9800000| Untracked 
| 665|0x00000000a9900000, 0x00000000a9900000, 0x00000000a9a00000|  0%| F|  |TAMS 0x00000000a9900000, 0x00000000a9900000| Untracked 
| 666|0x00000000a9a00000, 0x00000000a9a00000, 0x00000000a9b00000|  0%| F|  |TAMS 0x00000000a9a00000, 0x00000000a9a00000| Untracked 
| 667|0x00000000a9b00000, 0x00000000a9b00000, 0x00000000a9c00000|  0%| F|  |TAMS 0x00000000a9b00000, 0x00000000a9b00000| Untracked 
| 668|0x00000000a9c00000, 0x00000000a9c00000, 0x00000000a9d00000|  0%| F|  |TAMS 0x00000000a9c00000, 0x00000000a9c00000| Untracked 
| 669|0x00000000a9d00000, 0x00000000a9d00000, 0x00000000a9e00000|  0%| F|  |TAMS 0x00000000a9d00000, 0x00000000a9d00000| Untracked 
| 670|0x00000000a9e00000, 0x00000000a9e00000, 0x00000000a9f00000|  0%| F|  |TAMS 0x00000000a9e00000, 0x00000000a9e00000| Untracked 
| 671|0x00000000a9f00000, 0x00000000a9f00000, 0x00000000aa000000|  0%| F|  |TAMS 0x00000000a9f00000, 0x00000000a9f00000| Untracked 
| 672|0x00000000aa000000, 0x00000000aa000000, 0x00000000aa100000|  0%| F|  |TAMS 0x00000000aa000000, 0x00000000aa000000| Untracked 
| 673|0x00000000aa100000, 0x00000000aa100000, 0x00000000aa200000|  0%| F|  |TAMS 0x00000000aa100000, 0x00000000aa100000| Untracked 
| 674|0x00000000aa200000, 0x00000000aa200000, 0x00000000aa300000|  0%| F|  |TAMS 0x00000000aa200000, 0x00000000aa200000| Untracked 
| 675|0x00000000aa300000, 0x00000000aa300000, 0x00000000aa400000|  0%| F|  |TAMS 0x00000000aa300000, 0x00000000aa300000| Untracked 
| 676|0x00000000aa400000, 0x00000000aa400000, 0x00000000aa500000|  0%| F|  |TAMS 0x00000000aa400000, 0x00000000aa400000| Untracked 
| 677|0x00000000aa500000, 0x00000000aa500000, 0x00000000aa600000|  0%| F|  |TAMS 0x00000000aa500000, 0x00000000aa500000| Untracked 
| 678|0x00000000aa600000, 0x00000000aa600000, 0x00000000aa700000|  0%| F|  |TAMS 0x00000000aa600000, 0x00000000aa600000| Untracked 
| 679|0x00000000aa700000, 0x00000000aa700000, 0x00000000aa800000|  0%| F|  |TAMS 0x00000000aa700000, 0x00000000aa700000| Untracked 
| 680|0x00000000aa800000, 0x00000000aa800000, 0x00000000aa900000|  0%| F|  |TAMS 0x00000000aa800000, 0x00000000aa800000| Untracked 
| 681|0x00000000aa900000, 0x00000000aa900000, 0x00000000aaa00000|  0%| F|  |TAMS 0x00000000aa900000, 0x00000000aa900000| Untracked 
| 682|0x00000000aaa00000, 0x00000000aaa00000, 0x00000000aab00000|  0%| F|  |TAMS 0x00000000aaa00000, 0x00000000aaa00000| Untracked 
| 683|0x00000000aab00000, 0x00000000aab00000, 0x00000000aac00000|  0%| F|  |TAMS 0x00000000aab00000, 0x00000000aab00000| Untracked 
| 684|0x00000000aac00000, 0x00000000aac00000, 0x00000000aad00000|  0%| F|  |TAMS 0x00000000aac00000, 0x00000000aac00000| Untracked 
| 685|0x00000000aad00000, 0x00000000aad00000, 0x00000000aae00000|  0%| F|  |TAMS 0x00000000aad00000, 0x00000000aad00000| Untracked 
| 686|0x00000000aae00000, 0x00000000aae00000, 0x00000000aaf00000|  0%| F|  |TAMS 0x00000000aae00000, 0x00000000aae00000| Untracked 
| 687|0x00000000aaf00000, 0x00000000aaf00000, 0x00000000ab000000|  0%| F|  |TAMS 0x00000000aaf00000, 0x00000000aaf00000| Untracked 
| 688|0x00000000ab000000, 0x00000000ab000000, 0x00000000ab100000|  0%| F|  |TAMS 0x00000000ab000000, 0x00000000ab000000| Untracked 
| 689|0x00000000ab100000, 0x00000000ab100000, 0x00000000ab200000|  0%| F|  |TAMS 0x00000000ab100000, 0x00000000ab100000| Untracked 
| 690|0x00000000ab200000, 0x00000000ab200000, 0x00000000ab300000|  0%| F|  |TAMS 0x00000000ab200000, 0x00000000ab200000| Untracked 
| 691|0x00000000ab300000, 0x00000000ab300000, 0x00000000ab400000|  0%| F|  |TAMS 0x00000000ab300000, 0x00000000ab300000| Untracked 
| 692|0x00000000ab400000, 0x00000000ab400000, 0x00000000ab500000|  0%| F|  |TAMS 0x00000000ab400000, 0x00000000ab400000| Untracked 
| 693|0x00000000ab500000, 0x00000000ab500000, 0x00000000ab600000|  0%| F|  |TAMS 0x00000000ab500000, 0x00000000ab500000| Untracked 
| 694|0x00000000ab600000, 0x00000000ab600000, 0x00000000ab700000|  0%| F|  |TAMS 0x00000000ab600000, 0x00000000ab600000| Untracked 
| 695|0x00000000ab700000, 0x00000000ab700000, 0x00000000ab800000|  0%| F|  |TAMS 0x00000000ab700000, 0x00000000ab700000| Untracked 
| 696|0x00000000ab800000, 0x00000000ab800000, 0x00000000ab900000|  0%| F|  |TAMS 0x00000000ab800000, 0x00000000ab800000| Untracked 
| 697|0x00000000ab900000, 0x00000000ab900000, 0x00000000aba00000|  0%| F|  |TAMS 0x00000000ab900000, 0x00000000ab900000| Untracked 
| 698|0x00000000aba00000, 0x00000000aba00000, 0x00000000abb00000|  0%| F|  |TAMS 0x00000000aba00000, 0x00000000aba00000| Untracked 
| 699|0x00000000abb00000, 0x00000000abb00000, 0x00000000abc00000|  0%| F|  |TAMS 0x00000000abb00000, 0x00000000abb00000| Untracked 
| 700|0x00000000abc00000, 0x00000000abc00000, 0x00000000abd00000|  0%| F|  |TAMS 0x00000000abc00000, 0x00000000abc00000| Untracked 
| 701|0x00000000abd00000, 0x00000000abd00000, 0x00000000abe00000|  0%| F|  |TAMS 0x00000000abd00000, 0x00000000abd00000| Untracked 
| 702|0x00000000abe00000, 0x00000000abe00000, 0x00000000abf00000|  0%| F|  |TAMS 0x00000000abe00000, 0x00000000abe00000| Untracked 
| 703|0x00000000abf00000, 0x00000000abf00000, 0x00000000ac000000|  0%| F|  |TAMS 0x00000000abf00000, 0x00000000abf00000| Untracked 
| 704|0x00000000ac000000, 0x00000000ac000000, 0x00000000ac100000|  0%| F|  |TAMS 0x00000000ac000000, 0x00000000ac000000| Untracked 
| 705|0x00000000ac100000, 0x00000000ac100000, 0x00000000ac200000|  0%| F|  |TAMS 0x00000000ac100000, 0x00000000ac100000| Untracked 
| 706|0x00000000ac200000, 0x00000000ac200000, 0x00000000ac300000|  0%| F|  |TAMS 0x00000000ac200000, 0x00000000ac200000| Untracked 
| 707|0x00000000ac300000, 0x00000000ac300000, 0x00000000ac400000|  0%| F|  |TAMS 0x00000000ac300000, 0x00000000ac300000| Untracked 
| 708|0x00000000ac400000, 0x00000000ac400000, 0x00000000ac500000|  0%| F|  |TAMS 0x00000000ac400000, 0x00000000ac400000| Untracked 
| 709|0x00000000ac500000, 0x00000000ac500000, 0x00000000ac600000|  0%| F|  |TAMS 0x00000000ac500000, 0x00000000ac500000| Untracked 
| 710|0x00000000ac600000, 0x00000000ac600000, 0x00000000ac700000|  0%| F|  |TAMS 0x00000000ac600000, 0x00000000ac600000| Untracked 
| 711|0x00000000ac700000, 0x00000000ac700000, 0x00000000ac800000|  0%| F|  |TAMS 0x00000000ac700000, 0x00000000ac700000| Untracked 
| 712|0x00000000ac800000, 0x00000000ac800000, 0x00000000ac900000|  0%| F|  |TAMS 0x00000000ac800000, 0x00000000ac800000| Untracked 
| 713|0x00000000ac900000, 0x00000000ac900000, 0x00000000aca00000|  0%| F|  |TAMS 0x00000000ac900000, 0x00000000ac900000| Untracked 
| 714|0x00000000aca00000, 0x00000000aca00000, 0x00000000acb00000|  0%| F|  |TAMS 0x00000000aca00000, 0x00000000aca00000| Untracked 
| 715|0x00000000acb00000, 0x00000000acb00000, 0x00000000acc00000|  0%| F|  |TAMS 0x00000000acb00000, 0x00000000acb00000| Untracked 
| 716|0x00000000acc00000, 0x00000000acc00000, 0x00000000acd00000|  0%| F|  |TAMS 0x00000000acc00000, 0x00000000acc00000| Untracked 
| 717|0x00000000acd00000, 0x00000000acd00000, 0x00000000ace00000|  0%| F|  |TAMS 0x00000000acd00000, 0x00000000acd00000| Untracked 
| 718|0x00000000ace00000, 0x00000000ace00000, 0x00000000acf00000|  0%| F|  |TAMS 0x00000000ace00000, 0x00000000ace00000| Untracked 
| 719|0x00000000acf00000, 0x00000000acf00000, 0x00000000ad000000|  0%| F|  |TAMS 0x00000000acf00000, 0x00000000acf00000| Untracked 
| 720|0x00000000ad000000, 0x00000000ad000000, 0x00000000ad100000|  0%| F|  |TAMS 0x00000000ad000000, 0x00000000ad000000| Untracked 
| 721|0x00000000ad100000, 0x00000000ad100000, 0x00000000ad200000|  0%| F|  |TAMS 0x00000000ad100000, 0x00000000ad100000| Untracked 
| 722|0x00000000ad200000, 0x00000000ad200000, 0x00000000ad300000|  0%| F|  |TAMS 0x00000000ad200000, 0x00000000ad200000| Untracked 
| 723|0x00000000ad300000, 0x00000000ad300000, 0x00000000ad400000|  0%| F|  |TAMS 0x00000000ad300000, 0x00000000ad300000| Untracked 
| 724|0x00000000ad400000, 0x00000000ad400000, 0x00000000ad500000|  0%| F|  |TAMS 0x00000000ad400000, 0x00000000ad400000| Untracked 
| 725|0x00000000ad500000, 0x00000000ad500000, 0x00000000ad600000|  0%| F|  |TAMS 0x00000000ad500000, 0x00000000ad500000| Untracked 
| 726|0x00000000ad600000, 0x00000000ad600000, 0x00000000ad700000|  0%| F|  |TAMS 0x00000000ad600000, 0x00000000ad600000| Untracked 
| 727|0x00000000ad700000, 0x00000000ad700000, 0x00000000ad800000|  0%| F|  |TAMS 0x00000000ad700000, 0x00000000ad700000| Untracked 
| 728|0x00000000ad800000, 0x00000000ad800000, 0x00000000ad900000|  0%| F|  |TAMS 0x00000000ad800000, 0x00000000ad800000| Untracked 
| 729|0x00000000ad900000, 0x00000000ad900000, 0x00000000ada00000|  0%| F|  |TAMS 0x00000000ad900000, 0x00000000ad900000| Untracked 
| 730|0x00000000ada00000, 0x00000000ada00000, 0x00000000adb00000|  0%| F|  |TAMS 0x00000000ada00000, 0x00000000ada00000| Untracked 
| 731|0x00000000adb00000, 0x00000000adb00000, 0x00000000adc00000|  0%| F|  |TAMS 0x00000000adb00000, 0x00000000adb00000| Untracked 
| 732|0x00000000adc00000, 0x00000000adcc94c8, 0x00000000add00000| 78%| S|CS|TAMS 0x00000000adc00000, 0x00000000adc00000| Complete 
| 733|0x00000000add00000, 0x00000000ade00000, 0x00000000ade00000|100%| S|CS|TAMS 0x00000000add00000, 0x00000000add00000| Complete 
| 734|0x00000000ade00000, 0x00000000adf00000, 0x00000000adf00000|100%| S|CS|TAMS 0x00000000ade00000, 0x00000000ade00000| Complete 
| 735|0x00000000adf00000, 0x00000000ae000000, 0x00000000ae000000|100%| S|CS|TAMS 0x00000000adf00000, 0x00000000adf00000| Complete 
| 736|0x00000000ae000000, 0x00000000ae100000, 0x00000000ae100000|100%| S|CS|TAMS 0x00000000ae000000, 0x00000000ae000000| Complete 
| 737|0x00000000ae100000, 0x00000000ae200000, 0x00000000ae200000|100%| S|CS|TAMS 0x00000000ae100000, 0x00000000ae100000| Complete 
| 738|0x00000000ae200000, 0x00000000ae300000, 0x00000000ae300000|100%| S|CS|TAMS 0x00000000ae200000, 0x00000000ae200000| Complete 
| 739|0x00000000ae300000, 0x00000000ae300000, 0x00000000ae400000|  0%| F|  |TAMS 0x00000000ae300000, 0x00000000ae300000| Untracked 
| 740|0x00000000ae400000, 0x00000000ae400000, 0x00000000ae500000|  0%| F|  |TAMS 0x00000000ae400000, 0x00000000ae400000| Untracked 
| 741|0x00000000ae500000, 0x00000000ae500000, 0x00000000ae600000|  0%| F|  |TAMS 0x00000000ae500000, 0x00000000ae500000| Untracked 
| 742|0x00000000ae600000, 0x00000000ae600000, 0x00000000ae700000|  0%| F|  |TAMS 0x00000000ae600000, 0x00000000ae600000| Untracked 
| 743|0x00000000ae700000, 0x00000000ae700000, 0x00000000ae800000|  0%| F|  |TAMS 0x00000000ae700000, 0x00000000ae700000| Untracked 
| 744|0x00000000ae800000, 0x00000000ae800000, 0x00000000ae900000|  0%| F|  |TAMS 0x00000000ae800000, 0x00000000ae800000| Untracked 
| 745|0x00000000ae900000, 0x00000000ae900000, 0x00000000aea00000|  0%| F|  |TAMS 0x00000000ae900000, 0x00000000ae900000| Untracked 
| 746|0x00000000aea00000, 0x00000000aea00000, 0x00000000aeb00000|  0%| F|  |TAMS 0x00000000aea00000, 0x00000000aea00000| Untracked 
| 747|0x00000000aeb00000, 0x00000000aeb00000, 0x00000000aec00000|  0%| F|  |TAMS 0x00000000aeb00000, 0x00000000aeb00000| Untracked 
| 748|0x00000000aec00000, 0x00000000aec00000, 0x00000000aed00000|  0%| F|  |TAMS 0x00000000aec00000, 0x00000000aec00000| Untracked 
| 749|0x00000000aed00000, 0x00000000aed00000, 0x00000000aee00000|  0%| F|  |TAMS 0x00000000aed00000, 0x00000000aed00000| Untracked 
| 750|0x00000000aee00000, 0x00000000aee00000, 0x00000000aef00000|  0%| F|  |TAMS 0x00000000aee00000, 0x00000000aee00000| Untracked 
| 751|0x00000000aef00000, 0x00000000aef00000, 0x00000000af000000|  0%| F|  |TAMS 0x00000000aef00000, 0x00000000aef00000| Untracked 
| 752|0x00000000af000000, 0x00000000af000000, 0x00000000af100000|  0%| F|  |TAMS 0x00000000af000000, 0x00000000af000000| Untracked 
|1035|0x00000000c0b00000, 0x00000000c0b00000, 0x00000000c0c00000|  0%| F|  |TAMS 0x00000000c0b00000, 0x00000000c0b00000| Untracked 
|1036|0x00000000c0c00000, 0x00000000c0c00000, 0x00000000c0d00000|  0%| F|  |TAMS 0x00000000c0c00000, 0x00000000c0c00000| Untracked 
|1037|0x00000000c0d00000, 0x00000000c0d00000, 0x00000000c0e00000|  0%| F|  |TAMS 0x00000000c0d00000, 0x00000000c0d00000| Untracked 
|1038|0x00000000c0e00000, 0x00000000c0e00000, 0x00000000c0f00000|  0%| F|  |TAMS 0x00000000c0e00000, 0x00000000c0e00000| Untracked 
|1039|0x00000000c0f00000, 0x00000000c0f00000, 0x00000000c1000000|  0%| F|  |TAMS 0x00000000c0f00000, 0x00000000c0f00000| Untracked 
|1040|0x00000000c1000000, 0x00000000c1000000, 0x00000000c1100000|  0%| F|  |TAMS 0x00000000c1000000, 0x00000000c1000000| Untracked 
|1041|0x00000000c1100000, 0x00000000c1100000, 0x00000000c1200000|  0%| F|  |TAMS 0x00000000c1100000, 0x00000000c1100000| Untracked 
|1042|0x00000000c1200000, 0x00000000c1200000, 0x00000000c1300000|  0%| F|  |TAMS 0x00000000c1200000, 0x00000000c1200000| Untracked 
|1043|0x00000000c1300000, 0x00000000c1300000, 0x00000000c1400000|  0%| F|  |TAMS 0x00000000c1300000, 0x00000000c1300000| Untracked 
|1044|0x00000000c1400000, 0x00000000c1400000, 0x00000000c1500000|  0%| F|  |TAMS 0x00000000c1400000, 0x00000000c1400000| Untracked 
|1045|0x00000000c1500000, 0x00000000c1500000, 0x00000000c1600000|  0%| F|  |TAMS 0x00000000c1500000, 0x00000000c1500000| Untracked 
|1046|0x00000000c1600000, 0x00000000c1600000, 0x00000000c1700000|  0%| F|  |TAMS 0x00000000c1600000, 0x00000000c1600000| Untracked 
|1047|0x00000000c1700000, 0x00000000c1700000, 0x00000000c1800000|  0%| F|  |TAMS 0x00000000c1700000, 0x00000000c1700000| Untracked 
|1048|0x00000000c1800000, 0x00000000c1800000, 0x00000000c1900000|  0%| F|  |TAMS 0x00000000c1800000, 0x00000000c1800000| Untracked 
|1049|0x00000000c1900000, 0x00000000c1900000, 0x00000000c1a00000|  0%| F|  |TAMS 0x00000000c1900000, 0x00000000c1900000| Untracked 
|1050|0x00000000c1a00000, 0x00000000c1a00000, 0x00000000c1b00000|  0%| F|  |TAMS 0x00000000c1a00000, 0x00000000c1a00000| Untracked 
|1051|0x00000000c1b00000, 0x00000000c1b00000, 0x00000000c1c00000|  0%| F|  |TAMS 0x00000000c1b00000, 0x00000000c1b00000| Untracked 

Card table byte_map: [0x00000221dbeb0000,0x00000221dc2b0000] _byte_map_base: 0x00000221dbab0000

Marking Bits (Prev, Next): (CMBitMap*) 0x00000221c4f82560, (CMBitMap*) 0x00000221c4f825a0
 Prev Bits: [0x00000221dc6b0000, 0x00000221de6b0000)
 Next Bits: [0x00000221de6b0000, 0x00000221e06b0000)

Polling page: 0x00000221c2c50000

Metaspace:

Usage:
  Non-class:    159.95 MB used.
      Class:     23.44 MB used.
       Both:    183.39 MB used.

Virtual space:
  Non-class space:      192.00 MB reserved,     160.81 MB ( 84%) committed,  3 nodes.
      Class space:        1.00 GB reserved,      24.31 MB (  2%) committed,  1 nodes.
             Both:        1.19 GB reserved,     185.12 MB ( 15%) committed. 

Chunk freelists:
   Non-Class:  14.92 MB
       Class:  7.69 MB
        Both:  22.61 MB

MaxMetaspaceSize: unlimited
CompressedClassSpaceSize: 1.00 GB
Initial GC threshold: 21.00 MB
Current GC threshold: 270.12 MB
CDS: on
MetaspaceReclaimPolicy: balanced
 - commit_granule_bytes: 65536.
 - commit_granule_words: 8192.
 - virtual_space_node_default_size: 8388608.
 - enlarge_chunks_in_place: 1.
 - new_chunks_are_fully_committed: 0.
 - uncommit_free_chunks: 1.
 - use_allocation_guard: 0.
 - handle_deallocations: 1.


Internal statistics:

num_allocs_failed_limit: 6.
num_arena_births: 3014.
num_arena_deaths: 12.
num_vsnodes_births: 4.
num_vsnodes_deaths: 0.
num_space_committed: 2959.
num_space_uncommitted: 0.
num_chunks_returned_to_freelist: 22.
num_chunks_taken_from_freelist: 11664.
num_chunk_merges: 6.
num_chunk_splits: 7441.
num_chunks_enlarged: 4544.
num_inconsistent_stats: 0.

CodeHeap 'non-profiled nmethods': size=120000Kb used=18457Kb max_used=19021Kb free=101542Kb
 bounds [0x00000221d4580000, 0x00000221d5820000, 0x00000221dbab0000]
CodeHeap 'profiled nmethods': size=120000Kb used=46705Kb max_used=46705Kb free=73294Kb
 bounds [0x00000221ccab0000, 0x00000221cf870000, 0x00000221d3fe0000]
CodeHeap 'non-nmethods': size=5760Kb used=1971Kb max_used=2011Kb free=3788Kb
 bounds [0x00000221d3fe0000, 0x00000221d4250000, 0x00000221d4580000]
 total_blobs=25533 nmethods=24452 adapters=992
 compilation: enabled
              stopped_count=0, restarted_count=0
 full_count=0

Compilation events (20 events):
Event: 882.886 Thread 0x00000221e2ba2870 31656   !   2       com.android.tools.r8.graph.b4::a (93 bytes)
Event: 882.887 Thread 0x00000221e2ba2870 nmethod 31656 0x00000221cf694010 code [0x00000221cf694200, 0x00000221cf6945e8]
Event: 882.889 Thread 0x00000221e2ba2870 31657       2       com.android.tools.r8.internal.bb::b (9 bytes)
Event: 882.889 Thread 0x00000221e2ba2870 nmethod 31657 0x00000221cf693c10 code [0x00000221cf693da0, 0x00000221cf693ed8]
Event: 882.898 Thread 0x00000221e2ba2870 31658       2       com.google.common.collect.MapMakerInternalMap$Segment::postReadCleanup (18 bytes)
Event: 882.898 Thread 0x00000221e2ba2870 nmethod 31658 0x00000221cf6cf510 code [0x00000221cf6cf6c0, 0x00000221cf6cf818]
Event: 882.901 Thread 0x00000221e2ba2870 31659   !   3       com.google.common.collect.MapMakerInternalMap$Segment::get (58 bytes)
Event: 882.902 Thread 0x00000221e2ba2870 nmethod 31659 0x00000221ccd1ab90 code [0x00000221ccd1ae80, 0x00000221ccd1c418]
Event: 882.903 Thread 0x00000221e2ba2870 31660       3       com.google.common.collect.MapMakerInternalMap$Segment::getLiveEntry (7 bytes)
Event: 882.903 Thread 0x00000221e2ba2870 nmethod 31660 0x00000221ccd1a490 code [0x00000221ccd1a640, 0x00000221ccd1a808]
Event: 882.936 Thread 0x00000221e2ba2870 31661       2       it.unimi.dsi.fastutil.HashCommon::mix (10 bytes)
Event: 882.936 Thread 0x00000221e2ba2870 nmethod 31661 0x00000221cdc36590 code [0x00000221cdc36720, 0x00000221cdc36818]
Event: 882.937 Thread 0x00000221e2ba2870 31662       2       com.android.tools.r8.internal.QA::a (858 bytes)
Event: 882.941 Thread 0x00000221e2ba2870 nmethod 31662 0x00000221cf718b10 code [0x00000221cf7190c0, 0x00000221cf71ad28]
Event: 882.986 Thread 0x00000221e2ba2870 31663       2       com.android.tools.r8.graph.o4::<init> (34 bytes)
Event: 882.986 Thread 0x00000221e2ba2870 nmethod 31663 0x00000221cf6ced90 code [0x00000221cf6cef60, 0x00000221cf6cf328]
Event: 883.012 Thread 0x00000221e2ba2870 31664       2       com.android.tools.r8.dex.a$$Lambda$3537/0x000002218267a590::<init> (15 bytes)
Event: 883.012 Thread 0x00000221e2ba2870 nmethod 31664 0x00000221cf6ce990 code [0x00000221cf6ceb20, 0x00000221cf6cecd8]
Event: 883.012 Thread 0x00000221e2ba2870 31665       2       com.android.tools.r8.dex.a$$Lambda$3537/0x000002218267a590::b (12 bytes)
Event: 883.013 Thread 0x00000221e2ba2870 nmethod 31665 0x00000221cf6ce110 code [0x00000221cf6ce300, 0x00000221cf6ce6e8]

GC Heap History (20 events):
Event: 841.400 GC heap after
{Heap after GC invocations=64 (full 0):
 garbage-first heap   total 788480K, used 229441K [0x0000000080000000, 0x0000000100000000)
  region size 1024K, 2 young (2048K), 2 survivors (2048K)
 Metaspace       used 138082K, committed 139648K, reserved 1179648K
  class space    used 17902K, committed 18688K, reserved 1048576K
}
Event: 842.011 GC heap before
{Heap before GC invocations=64 (full 0):
 garbage-first heap   total 788480K, used 280641K [0x0000000080000000, 0x0000000100000000)
  region size 1024K, 53 young (54272K), 2 survivors (2048K)
 Metaspace       used 138374K, committed 139968K, reserved 1179648K
  class space    used 17932K, committed 18688K, reserved 1048576K
}
Event: 842.016 GC heap after
{Heap after GC invocations=65 (full 0):
 garbage-first heap   total 788480K, used 229844K [0x0000000080000000, 0x0000000100000000)
  region size 1024K, 3 young (3072K), 3 survivors (3072K)
 Metaspace       used 138374K, committed 139968K, reserved 1179648K
  class space    used 17932K, committed 18688K, reserved 1048576K
}
Event: 848.049 GC heap before
{Heap before GC invocations=66 (full 0):
 garbage-first heap   total 788480K, used 679380K [0x0000000080000000, 0x0000000100000000)
  region size 1024K, 399 young (408576K), 3 survivors (3072K)
 Metaspace       used 151623K, committed 153280K, reserved 1245184K
  class space    used 19865K, committed 20672K, reserved 1048576K
}
Event: 848.166 GC heap after
{Heap after GC invocations=67 (full 0):
 garbage-first heap   total 788480K, used 319417K [0x0000000080000000, 0x0000000100000000)
  region size 1024K, 50 young (51200K), 50 survivors (51200K)
 Metaspace       used 151623K, committed 153280K, reserved 1245184K
  class space    used 19865K, committed 20672K, reserved 1048576K
}
Event: 848.285 GC heap before
{Heap before GC invocations=67 (full 0):
 garbage-first heap   total 788480K, used 320441K [0x0000000080000000, 0x0000000100000000)
  region size 1024K, 51 young (52224K), 50 survivors (51200K)
 Metaspace       used 151639K, committed 153280K, reserved 1245184K
  class space    used 19867K, committed 20672K, reserved 1048576K
}
Event: 848.355 GC heap after
{Heap after GC invocations=68 (full 0):
 garbage-first heap   total 788480K, used 311737K [0x0000000080000000, 0x0000000100000000)
  region size 1024K, 2 young (2048K), 2 survivors (2048K)
 Metaspace       used 151639K, committed 153280K, reserved 1245184K
  class space    used 19867K, committed 20672K, reserved 1048576K
}
Event: 852.272 GC heap before
{Heap before GC invocations=68 (full 0):
 garbage-first heap   total 788480K, used 411065K [0x0000000080000000, 0x0000000100000000)
  region size 1024K, 101 young (103424K), 2 survivors (2048K)
 Metaspace       used 153318K, committed 154944K, reserved 1245184K
  class space    used 20085K, committed 20864K, reserved 1048576K
}
Event: 852.295 GC heap after
{Heap after GC invocations=69 (full 0):
 garbage-first heap   total 788480K, used 320775K [0x0000000080000000, 0x0000000100000000)
  region size 1024K, 11 young (11264K), 11 survivors (11264K)
 Metaspace       used 153318K, committed 154944K, reserved 1245184K
  class space    used 20085K, committed 20864K, reserved 1048576K
}
Event: 864.409 GC heap before
{Heap before GC invocations=70 (full 0):
 garbage-first heap   total 788480K, used 650503K [0x0000000080000000, 0x0000000100000000)
  region size 1024K, 293 young (300032K), 11 survivors (11264K)
 Metaspace       used 154165K, committed 155776K, reserved 1245184K
  class space    used 20178K, committed 20992K, reserved 1048576K
}
Event: 864.442 GC heap after
{Heap after GC invocations=71 (full 0):
 garbage-first heap   total 788480K, used 346485K [0x0000000080000000, 0x0000000100000000)
  region size 1024K, 24 young (24576K), 24 survivors (24576K)
 Metaspace       used 154165K, committed 155776K, reserved 1245184K
  class space    used 20178K, committed 20992K, reserved 1048576K
}
Event: 864.810 GC heap before
{Heap before GC invocations=71 (full 0):
 garbage-first heap   total 788480K, used 359797K [0x0000000080000000, 0x0000000100000000)
  region size 1024K, 38 young (38912K), 24 survivors (24576K)
 Metaspace       used 154251K, committed 155840K, reserved 1245184K
  class space    used 20187K, committed 20992K, reserved 1048576K
}
Event: 864.837 GC heap after
{Heap after GC invocations=72 (full 0):
 garbage-first heap   total 788480K, used 339276K [0x0000000080000000, 0x0000000100000000)
  region size 1024K, 2 young (2048K), 2 survivors (2048K)
 Metaspace       used 154251K, committed 155840K, reserved 1245184K
  class space    used 20187K, committed 20992K, reserved 1048576K
}
Event: 878.555 GC heap before
{Heap before GC invocations=72 (full 0):
 garbage-first heap   total 788480K, used 477516K [0x0000000080000000, 0x0000000100000000)
  region size 1024K, 139 young (142336K), 2 survivors (2048K)
 Metaspace       used 159509K, committed 161216K, reserved 1245184K
  class space    used 20898K, committed 21760K, reserved 1048576K
}
Event: 878.563 GC heap after
{Heap after GC invocations=73 (full 0):
 garbage-first heap   total 788480K, used 340573K [0x0000000080000000, 0x0000000100000000)
  region size 1024K, 4 young (4096K), 4 survivors (4096K)
 Metaspace       used 159509K, committed 161216K, reserved 1245184K
  class space    used 20898K, committed 21760K, reserved 1048576K
}
Event: 882.584 GC heap before
{Heap before GC invocations=74 (full 0):
 garbage-first heap   total 788480K, used 575069K [0x0000000080000000, 0x0000000100000000)
  region size 1024K, 288 young (294912K), 4 survivors (4096K)
 Metaspace       used 185903K, committed 187712K, reserved 1245184K
  class space    used 23807K, committed 24704K, reserved 1048576K
}
Event: 882.618 GC heap after
{Heap after GC invocations=75 (full 0):
 garbage-first heap   total 788480K, used 293552K [0x0000000080000000, 0x0000000100000000)
  region size 1024K, 31 young (31744K), 31 survivors (31744K)
 Metaspace       used 185903K, committed 187712K, reserved 1245184K
  class space    used 23807K, committed 24704K, reserved 1048576K
}
Event: 882.686 GC heap before
{Heap before GC invocations=75 (full 0):
 garbage-first heap   total 788480K, used 300720K [0x0000000080000000, 0x0000000100000000)
  region size 1024K, 38 young (38912K), 31 survivors (31744K)
 Metaspace       used 186076K, committed 187840K, reserved 1245184K
  class space    used 23813K, committed 24704K, reserved 1048576K
}
Event: 882.720 GC heap after
{Heap after GC invocations=76 (full 0):
 garbage-first heap   total 788480K, used 270535K [0x0000000080000000, 0x0000000100000000)
  region size 1024K, 2 young (2048K), 2 survivors (2048K)
 Metaspace       used 186076K, committed 187840K, reserved 1245184K
  class space    used 23813K, committed 24704K, reserved 1048576K
}
Event: 883.016 GC heap before
{Heap before GC invocations=76 (full 0):
 garbage-first heap   total 788480K, used 298183K [0x0000000080000000, 0x0000000100000000)
  region size 1024K, 31 young (31744K), 2 survivors (2048K)
 Metaspace       used 187792K, committed 189568K, reserved 1245184K
  class space    used 23998K, committed 24896K, reserved 1048576K
}

Dll operation events (17 events):
Event: 0.012 Loaded shared library C:\Users\Quyet Guic\.jdks\ms-17.0.20\bin\java.dll
Event: 0.028 Loaded shared library C:\Users\Quyet Guic\.jdks\ms-17.0.20\bin\jsvml.dll
Event: 0.083 Loaded shared library C:\Users\Quyet Guic\.jdks\ms-17.0.20\bin\zip.dll
Event: 0.086 Loaded shared library C:\Users\Quyet Guic\.jdks\ms-17.0.20\bin\instrument.dll
Event: 0.094 Loaded shared library C:\Users\Quyet Guic\.jdks\ms-17.0.20\bin\net.dll
Event: 0.098 Loaded shared library C:\Users\Quyet Guic\.jdks\ms-17.0.20\bin\nio.dll
Event: 0.100 Loaded shared library C:\Users\Quyet Guic\.jdks\ms-17.0.20\bin\zip.dll
Event: 0.343 Loaded shared library C:\Users\Quyet Guic\.jdks\ms-17.0.20\bin\jimage.dll
Event: 0.561 Loaded shared library C:\Users\Quyet Guic\.jdks\ms-17.0.20\bin\verify.dll
Event: 0.595 Loaded shared library C:\Users\Quyet Guic\.gradle\native\660c5614fbf4a5f2a75b1949f50a0caf5cd603558e7d8a26e50b933a0cfb79d1\windows-amd64\native-platform.dll
Event: 0.614 Loaded shared library C:\Users\Quyet Guic\.gradle\native\0.2.8\x86_64-windows-gnu\gradle-fileevents.dll
Event: 1.921 Loaded shared library C:\Users\Quyet Guic\.jdks\ms-17.0.20\bin\management.dll
Event: 1.926 Loaded shared library C:\Users\Quyet Guic\.jdks\ms-17.0.20\bin\management_ext.dll
Event: 2.132 Loaded shared library C:\Users\Quyet Guic\.jdks\ms-17.0.20\bin\extnet.dll
Event: 2.408 Loaded shared library C:\Users\Quyet Guic\.jdks\ms-17.0.20\bin\sunmscapi.dll
Event: 865.881 Loaded shared library C:\Users\Quyet Guic\AppData\Local\Temp\native-platform4871828887078403013dir\native-platform.dll
Event: 866.860 Loaded shared library C:\Users\Quyet Guic\.jdks\ms-17.0.20\bin\rmi.dll

Deoptimization events (20 events):
Event: 882.757 Thread 0x00000221e7f59b20 DEOPT PACKING pc=0x00000221d580fdac sp=0x00000095a66fcd00
Event: 882.757 Thread 0x00000221e7f59b20 DEOPT UNPACKING pc=0x00000221d40369a3 sp=0x00000095a66fcc58 mode 2
Event: 882.757 Thread 0x00000221e7f59b20 Uncommon trap: trap_request=0xffffffde fr.pc=0x00000221d580fdac relative=0x0000000000001e8c
Event: 882.757 Thread 0x00000221e7f59b20 Uncommon trap: reason=class_check action=maybe_recompile pc=0x00000221d580fdac method=com.android.tools.r8.internal.QA.a(Lcom/android/tools/r8/graph/B5;)Z @ 106 c2
Event: 882.757 Thread 0x00000221e7f59b20 DEOPT PACKING pc=0x00000221d580fdac sp=0x00000095a66fcd00
Event: 882.757 Thread 0x00000221e7f59b20 DEOPT UNPACKING pc=0x00000221d40369a3 sp=0x00000095a66fcc58 mode 2
Event: 882.757 Thread 0x00000221e7f59b20 Uncommon trap: trap_request=0xffffffde fr.pc=0x00000221d580fdac relative=0x0000000000001e8c
Event: 882.757 Thread 0x00000221e7f59b20 Uncommon trap: reason=class_check action=maybe_recompile pc=0x00000221d580fdac method=com.android.tools.r8.internal.QA.a(Lcom/android/tools/r8/graph/B5;)Z @ 106 c2
Event: 882.758 Thread 0x00000221e7f59b20 DEOPT PACKING pc=0x00000221d580fdac sp=0x00000095a66fcd00
Event: 882.758 Thread 0x00000221e7f59b20 DEOPT UNPACKING pc=0x00000221d40369a3 sp=0x00000095a66fcc58 mode 2
Event: 882.758 Thread 0x00000221e7f59b20 Uncommon trap: trap_request=0xffffffde fr.pc=0x00000221d5529fac relative=0x0000000000000dec
Event: 882.758 Thread 0x00000221e7f59b20 Uncommon trap: reason=class_check action=maybe_recompile pc=0x00000221d5529fac method=com.android.tools.r8.internal.QA.a(Lcom/android/tools/r8/graph/B5;)Z @ 106 c2
Event: 882.758 Thread 0x00000221e7f59b20 DEOPT PACKING pc=0x00000221d5529fac sp=0x00000095a66fcca0
Event: 882.758 Thread 0x00000221e7f59b20 DEOPT UNPACKING pc=0x00000221d40369a3 sp=0x00000095a66fcc50 mode 2
Event: 882.869 Thread 0x00000221eb92f650 Uncommon trap: trap_request=0xffffff45 fr.pc=0x00000221d5582880 relative=0x0000000000000060
Event: 882.869 Thread 0x00000221eb92f650 Uncommon trap: reason=unstable_if action=reinterpret pc=0x00000221d5582880 method=com.android.tools.r8.graph.B3$b.b()Z @ 4 c2
Event: 882.869 Thread 0x00000221eb92f650 DEOPT PACKING pc=0x00000221d5582880 sp=0x00000095a62fd3f0
Event: 882.869 Thread 0x00000221eb92f650 DEOPT UNPACKING pc=0x00000221d40369a3 sp=0x00000095a62fd370 mode 2
Event: 882.967 Thread 0x00000221e8dff190 DEOPT PACKING pc=0x00000221cdd32334 sp=0x00000095a25ff330
Event: 882.967 Thread 0x00000221e8dff190 DEOPT UNPACKING pc=0x00000221d4037143 sp=0x00000095a25fe7f0 mode 0

Classes loaded (20 events):
Event: 880.651 Loading class java/util/concurrent/RejectedExecutionException
Event: 880.651 Loading class java/util/concurrent/RejectedExecutionException done
Event: 881.226 Loading class java/time/format/DateTimeParseException
Event: 881.227 Loading class java/time/format/DateTimeParseException done
Event: 881.315 Loading class java/util/IdentityHashMap$EntrySpliterator
Event: 881.315 Loading class java/util/IdentityHashMap$IdentityHashMapSpliterator
Event: 881.316 Loading class java/util/IdentityHashMap$IdentityHashMapSpliterator done
Event: 881.316 Loading class java/util/IdentityHashMap$EntrySpliterator done
Event: 881.333 Loading class java/util/SortedSet$1
Event: 881.333 Loading class java/util/SortedSet$1 done
Event: 882.666 Loading class java/util/zip/ZipOutputStream$XEntry
Event: 882.667 Loading class java/util/zip/ZipOutputStream$XEntry done
Event: 882.678 Loading class java/util/Vector$Itr
Event: 882.679 Loading class java/util/Vector$Itr done
Event: 882.855 Loading class java/util/concurrent/atomic/AtomicLongFieldUpdater
Event: 882.855 Loading class java/util/concurrent/atomic/AtomicLongFieldUpdater done
Event: 882.855 Loading class java/util/concurrent/atomic/AtomicLongFieldUpdater$CASUpdater
Event: 882.856 Loading class java/util/concurrent/atomic/AtomicLongFieldUpdater$CASUpdater done
Event: 882.856 Loading class java/util/concurrent/atomic/AtomicLongFieldUpdater$CASUpdater$1
Event: 882.856 Loading class java/util/concurrent/atomic/AtomicLongFieldUpdater$CASUpdater$1 done

Classes unloaded (6 events):
Event: 771.018 Thread 0x00000221e2b7b760 Unloading class 0x0000022181cebc00 'java/lang/invoke/LambdaForm$MH+0x0000022181cebc00'
Event: 778.904 Thread 0x00000221e2b7b760 Unloading class 0x0000022181b88000 'java/lang/invoke/LambdaForm$MH+0x0000022181b88000'
Event: 829.393 Thread 0x00000221e2b7b760 Unloading class 0x0000022181cebc00 'java/lang/invoke/LambdaForm$MH+0x0000022181cebc00'
Event: 833.068 Thread 0x00000221e2b7b760 Unloading class 0x0000022182002800 'java/lang/invoke/LambdaForm$MH+0x0000022182002800'
Event: 852.829 Thread 0x00000221e2b7b760 Unloading class 0x0000022182318c00 'java/lang/invoke/LambdaForm$DMH+0x0000022182318c00'
Event: 852.829 Thread 0x00000221e2b7b760 Unloading class 0x0000022182318400 'java/lang/invoke/LambdaForm$DMH+0x0000022182318400'

Classes redefined (0 events):
No events

Internal exceptions (20 events):
Event: 881.312 Thread 0x00000221e7f5a540 Exception <a 'java/lang/NoSuchMethodError'{0x00000000a36ebca0}: 'void java.lang.invoke.DirectMethodHandle$Holder.invokeStatic(java.lang.Object, java.lang.Object, java.lang.Object, java.lang.Object, java.lang.Object, java.lang.Object, java.lang.Object, java.lang.Object, java.lang.Object, java.lang.Object)'> (0x00000000a36ebca0) 
thrown [s\src\hotspot\share\interpreter\linkResolver.cpp, line 759]
Event: 881.312 Thread 0x00000221e7f59b20 Exception <a 'java/lang/NoSuchMethodError'{0x00000000a36700d8}: 'void java.lang.invoke.DirectMethodHandle$Holder.invokeStatic(java.lang.Object, java.lang.Object, java.lang.Object, java.lang.Object, java.lang.Object, java.lang.Object, java.lang.Object, java.lang.Object, java.lang.Object, java.lang.Object)'> (0x00000000a36700d8) 
thrown [s\src\hotspot\share\interpreter\linkResolver.cpp, line 759]
Event: 881.390 Thread 0x00000221e7f5af60 Exception <a 'java/lang/NoSuchMethodError'{0x00000000a2a31900}: 'int java.lang.invoke.DirectMethodHandle$Holder.invokeSpecialIFC(java.lang.Object, java.lang.Object, java.lang.Object, java.lang.Object, int)'> (0x00000000a2a31900) 
thrown [s\src\hotspot\share\interpreter\linkResolver.cpp, line 759]
Event: 881.467 Thread 0x00000221e7f59b20 Exception <a 'java/lang/NoSuchMethodError'{0x00000000a256ac30}: 'void java.lang.invoke.DirectMethodHandle$Holder.invokeSpecial(java.lang.Object, java.lang.Object, java.lang.Object, java.lang.Object, java.lang.Object, java.lang.Object, java.lang.Object, java.lang.Object, java.lang.Object, java.lang.Object)'> (0x00000000a256ac30) 
thrown [s\src\hotspot\share\interpreter\linkResolver.cpp, line 759]
Event: 881.468 Thread 0x00000221e7f59b20 Exception <a 'java/lang/NoSuchMethodError'{0x00000000a2576270}: 'java.lang.Object java.lang.invoke.DirectMethodHandle$Holder.newInvokeSpecial(java.lang.Object, java.lang.Object, java.lang.Object, java.lang.Object, java.lang.Object, java.lang.Object, java.lang.Object, java.lang.Object, java.lang.Object)'> (0x00000000a2576270) 
thrown [s\src\hotspot\share\interpreter\linkResolver.cpp, line 759]
Event: 881.469 Thread 0x00000221e7f59b20 Exception <a 'java/lang/NoSuchMethodError'{0x00000000a257b058}: 'java.lang.Object java.lang.invoke.Invokers$Holder.linkToTargetMethod(java.lang.Object, java.lang.Object, java.lang.Object, java.lang.Object, java.lang.Object, java.lang.Object, java.lang.Object, java.lang.Object, java.lang.Object)'> (0x00000000a257b058) 
thrown [s\src\hotspot\share\interpreter\linkResolver.cpp, line 759]
Event: 881.538 Thread 0x00000221eb92f650 Exception <a 'java/lang/IncompatibleClassChangeError'{0x00000000a1f31708}: Found class java.lang.Object, but interface was expected> (0x00000000a1f31708) 
thrown [s\src\hotspot\share\interpreter\linkResolver.cpp, line 826]
Event: 881.658 Thread 0x00000221eb92f650 Exception <a 'java/lang/IncompatibleClassChangeError'{0x00000000a1838220}: Found class java.lang.Object, but interface was expected> (0x00000000a1838220) 
thrown [s\src\hotspot\share\interpreter\linkResolver.cpp, line 826]
Event: 881.687 Thread 0x00000221e7f59b20 Implicit null exception at 0x00000221d5553a1e to 0x00000221d5554a70
Event: 882.013 Thread 0x00000221e7f59b20 Exception <a 'java/lang/NoSuchMethodError'{0x00000000a07592b0}: 'void java.lang.invoke.DirectMethodHandle$Holder.invokeSpecialIFC(java.lang.Object, java.lang.Object, java.lang.Object, java.lang.Object)'> (0x00000000a07592b0) 
thrown [s\src\hotspot\share\interpreter\linkResolver.cpp, line 759]
Event: 882.099 Thread 0x00000221e7f59b20 Exception <a 'java/lang/NoSuchMethodError'{0x00000000a03db3f0}: 'java.lang.Object java.lang.invoke.DirectMethodHandle$Holder.invokeSpecial(java.lang.Object, java.lang.Object, java.lang.Object, java.lang.Object, java.lang.Object, java.lang.Object, java.lang.Object, java.lang.Object, java.lang.Object, java.lang.Object, java.lang.Object, java.lang.Object, java.lang.Object, java.lang.Object)'> (0x00000000a03db3f0) 
thrown [s\src\hotspot\share\interpreter\linkResolver.cpp, line 759]
Event: 882.105 Thread 0x00000221e7f59b20 Exception <a 'java/lang/NoSuchMethodError'{0x00000000a03f87c0}: 'java.lang.Object java.lang.invoke.DirectMethodHandle$Holder.newInvokeSpecial(java.lang.Object, int, java.lang.Object, java.lang.Object, java.lang.Object)'> (0x00000000a03f87c0) 
thrown [s\src\hotspot\share\interpreter\linkResolver.cpp, line 759]
Event: 882.304 Thread 0x00000221eb92f650 Exception <a 'java/lang/NoSuchMethodError'{0x000000009f552870}: 'java.lang.Object java.lang.invoke.DirectMethodHandle$Holder.invokeInterface(java.lang.Object, java.lang.Object, int)'> (0x000000009f552870) 
thrown [s\src\hotspot\share\interpreter\linkResolver.cpp, line 759]
Event: 882.344 Thread 0x00000221e7f5af60 Exception <a 'sun/nio/fs/WindowsException'{0x000000009f41d388}> (0x000000009f41d388) 
thrown [s\src\hotspot\share\prims\jni.cpp, line 516]
Event: 882.344 Thread 0x00000221e7f5af60 Exception <a 'sun/nio/fs/WindowsException'{0x000000009f41dfd0}> (0x000000009f41dfd0) 
thrown [s\src\hotspot\share\prims\jni.cpp, line 516]
Event: 882.344 Thread 0x00000221e7f5af60 Exception <a 'sun/nio/fs/WindowsException'{0x000000009f41e8e8}> (0x000000009f41e8e8) 
thrown [s\src\hotspot\share\prims\jni.cpp, line 516]
Event: 882.345 Thread 0x00000221e7f5af60 Exception <a 'sun/nio/fs/WindowsException'{0x000000009f41f8e8}> (0x000000009f41f8e8) 
thrown [s\src\hotspot\share\prims\jni.cpp, line 516]
Event: 882.485 Thread 0x00000221eb92f650 Exception <a 'java/lang/NoSuchMethodError'{0x000000009e912810}: 'void java.lang.invoke.DirectMethodHandle$Holder.invokeStatic(java.lang.Object, java.lang.Object, java.lang.Object, java.lang.Object, java.lang.Object, java.lang.Object, java.lang.Object)'> (0x000000009e912810) 
thrown [s\src\hotspot\share\interpreter\linkResolver.cpp, line 759]
Event: 882.849 Thread 0x00000221e7f5af60 Exception <a 'java/lang/NoSuchMethodError'{0x00000000aee74cd8}: 'long java.lang.invoke.DirectMethodHandle$Holder.invokeStatic(java.lang.Object)'> (0x00000000aee74cd8) 
thrown [s\src\hotspot\share\interpreter\linkResolver.cpp, line 759]
Event: 882.849 Thread 0x00000221e7f5af60 Exception <a 'java/lang/NoSuchMethodError'{0x00000000aee785e0}: 'long java.lang.invoke.DirectMethodHandle$Holder.invokeStaticInit(java.lang.Object)'> (0x00000000aee785e0) 
thrown [s\src\hotspot\share\interpreter\linkResolver.cpp, line 759]

VM Operations (20 events):
Event: 882.234 Executing VM operation: HandshakeAllThreads done
Event: 882.244 Executing VM operation: HandshakeAllThreads
Event: 882.247 Executing VM operation: HandshakeAllThreads done
Event: 882.285 Executing VM operation: HandshakeAllThreads
Event: 882.288 Executing VM operation: HandshakeAllThreads done
Event: 882.333 Executing VM operation: ICBufferFull
Event: 882.333 Executing VM operation: ICBufferFull done
Event: 882.450 Executing VM operation: HandshakeAllThreads
Event: 882.451 Executing VM operation: HandshakeAllThreads done
Event: 882.538 Executing VM operation: HandshakeAllThreads
Event: 882.541 Executing VM operation: HandshakeAllThreads done
Event: 882.550 Executing VM operation: ICBufferFull
Event: 882.550 Executing VM operation: ICBufferFull done
Event: 882.584 Executing VM operation: G1CollectForAllocation
Event: 882.618 Executing VM operation: G1CollectForAllocation done
Event: 882.686 Executing VM operation: G1CollectForAllocation
Event: 882.720 Executing VM operation: G1CollectForAllocation done
Event: 882.870 Executing VM operation: HandshakeAllThreads
Event: 882.870 Executing VM operation: HandshakeAllThreads done
Event: 883.016 Executing VM operation: G1TryInitiateConcMark

Memory protections (0 events):
No events

Nmethod flushes (20 events):
Event: 882.323 Thread 0x00000221e2ba7190 flushing  nmethod 0x00000221cf6fed90
Event: 882.324 Thread 0x00000221e2ba7190 flushing  nmethod 0x00000221cf701c90
Event: 882.324 Thread 0x00000221e2ba7190 flushing  nmethod 0x00000221cf702690
Event: 882.324 Thread 0x00000221e2ba7190 flushing  nmethod 0x00000221cf70b110
Event: 882.324 Thread 0x00000221e2ba7190 flushing  nmethod 0x00000221cf70f010
Event: 882.324 Thread 0x00000221e2ba7190 flushing  nmethod 0x00000221cf70fe10
Event: 882.324 Thread 0x00000221e2ba7190 flushing  nmethod 0x00000221cf710890
Event: 882.324 Thread 0x00000221e2ba7190 flushing osr nmethod 0x00000221cf718b10
Event: 882.324 Thread 0x00000221e2ba7190 flushing  nmethod 0x00000221cf777790
Event: 882.324 Thread 0x00000221e2ba7190 flushing  nmethod 0x00000221cf77b810
Event: 882.324 Thread 0x00000221e2ba7190 flushing  nmethod 0x00000221cf785510
Event: 882.324 Thread 0x00000221e2ba7190 flushing  nmethod 0x00000221cf78aa90
Event: 882.324 Thread 0x00000221e2ba7190 flushing  nmethod 0x00000221cf78ce10
Event: 882.324 Thread 0x00000221e2ba7190 flushing  nmethod 0x00000221cf792710
Event: 882.324 Thread 0x00000221e2ba7190 flushing  nmethod 0x00000221cf793a90
Event: 882.324 Thread 0x00000221e2ba7190 flushing  nmethod 0x00000221cf797e10
Event: 882.324 Thread 0x00000221e2ba7190 flushing  nmethod 0x00000221cf7a0f10
Event: 882.324 Thread 0x00000221e2ba7190 flushing  nmethod 0x00000221cf7a5910
Event: 882.324 Thread 0x00000221e2ba7190 flushing  nmethod 0x00000221cf7a7910
Event: 882.324 Thread 0x00000221e2ba7190 flushing  nmethod 0x00000221cf7a8510

Events (20 events):
Event: 866.743 Thread 0x00000221e9ef5ff0 Thread exited: 0x00000221e9ef5ff0
Event: 866.853 Thread 0x00000221e7f5a540 Thread added: 0x00000221f4b5d540
Event: 866.859 Thread 0x00000221e7f5a540 Thread added: 0x00000221f4b5e980
Event: 866.861 Thread 0x00000221e7f5a540 Thread added: 0x00000221f4b5d030
Event: 866.917 Thread 0x00000221e7f5a540 Thread added: 0x00000221f4b5ee90
Event: 866.917 Thread 0x00000221e7f5a540 Thread added: 0x00000221f4b607e0
Event: 866.923 Thread 0x00000221e2ba2870 Thread added: 0x00000221e9ef5ff0
Event: 866.996 Thread 0x00000221f4b5ee90 Thread added: 0x00000221f4b60cf0
Event: 872.155 Thread 0x00000221e9ef5ff0 Thread exited: 0x00000221e9ef5ff0
Event: 874.222 Thread 0x00000221eb929b30 Thread exited: 0x00000221eb929b30
Event: 875.439 Thread 0x00000221eb675ec0 Thread exited: 0x00000221eb675ec0
Event: 878.250 Thread 0x00000221e2ba2870 Thread added: 0x00000221e9ef5ff0
Event: 878.376 Thread 0x00000221eb92d2e0 Thread added: 0x00000221f4b5fdc0
Event: 878.573 Thread 0x00000221f4b5e980 Thread exited: 0x00000221f4b5e980
Event: 878.576 Thread 0x00000221e9ef5ff0 Thread exited: 0x00000221e9ef5ff0
Event: 879.030 Thread 0x00000221e2b9f780 Thread added: 0x00000221e9ef5ff0
Event: 879.747 Thread 0x00000221eb92d2e0 Thread added: 0x00000221f4b5e980
Event: 879.748 Thread 0x00000221eb92d2e0 Thread added: 0x00000221f4b649b0
Event: 879.748 Thread 0x00000221eb92d2e0 Thread added: 0x00000221f4b63a80
Event: 880.623 Thread 0x00000221eb92d2e0 Thread added: 0x00000221f4b63f90


Dynamic libraries:
0x00007ff67caa0000 - 0x00007ff67caae000 	C:\Users\Quyet Guic\.jdks\ms-17.0.20\bin\java.exe
0x00007ffc04960000 - 0x00007ffc04bc2000 	C:\WINDOWS\SYSTEM32\ntdll.dll
0x00007ffc033a0000 - 0x00007ffc03466000 	C:\WINDOWS\System32\KERNEL32.DLL
0x00007ffc020d0000 - 0x00007ffc0246f000 	C:\WINDOWS\System32\KERNELBASE.dll
0x00007ffc01e50000 - 0x00007ffc01f9c000 	C:\WINDOWS\System32\ucrtbase.dll
0x00007ffbeb0e0000 - 0x00007ffbeb0fe000 	C:\Users\Quyet Guic\.jdks\ms-17.0.20\bin\VCRUNTIME140.dll
0x00007ffbe8ee0000 - 0x00007ffbe8ef8000 	C:\Users\Quyet Guic\.jdks\ms-17.0.20\bin\jli.dll
0x00007ffc02880000 - 0x00007ffc02a3f000 	C:\WINDOWS\System32\USER32.dll
0x00007ffc02530000 - 0x00007ffc02557000 	C:\WINDOWS\System32\win32u.dll
0x00007ffbf9d50000 - 0x00007ffbf9fe0000 	C:\WINDOWS\WinSxS\amd64_microsoft.windows.common-controls_6595b64144ccf1df_6.0.26100.712_none_4446894f1c2e6cc3\COMCTL32.dll
0x00007ffc03b40000 - 0x00007ffc03be9000 	C:\WINDOWS\System32\msvcrt.dll
0x00007ffc048f0000 - 0x00007ffc0491a000 	C:\WINDOWS\System32\GDI32.dll
0x00007ffc01fa0000 - 0x00007ffc020c1000 	C:\WINDOWS\System32\gdi32full.dll
0x00007ffc02480000 - 0x00007ffc02523000 	C:\WINDOWS\System32\msvcp_win.dll
0x00007ffc04750000 - 0x00007ffc0477f000 	C:\WINDOWS\System32\IMM32.DLL
0x00007ffbedc10000 - 0x00007ffbedd02000 	C:\Program Files\Windhawk\Engine\1.7.3\64\windhawk.dll
0x00007ffc03d80000 - 0x00007ffc03e32000 	C:\WINDOWS\System32\ADVAPI32.dll
0x00007ffc04610000 - 0x00007ffc046b7000 	C:\WINDOWS\System32\sechost.dll
0x00007ffc03a20000 - 0x00007ffc03b36000 	C:\WINDOWS\System32\RPCRT4.dll
0x00007ffbf8100000 - 0x00007ffbf810c000 	C:\Users\Quyet Guic\.jdks\ms-17.0.20\bin\vcruntime140_1.dll
0x00007ffbe80e0000 - 0x00007ffbe8169000 	C:\Users\Quyet Guic\.jdks\ms-17.0.20\bin\msvcp140.dll
0x00007ffba88e0000 - 0x00007ffba955b000 	C:\Users\Quyet Guic\.jdks\ms-17.0.20\bin\server\jvm.dll
0x00007ffc03d00000 - 0x00007ffc03d74000 	C:\WINDOWS\System32\WS2_32.dll
0x00007ffc01680000 - 0x00007ffc016ce000 	C:\WINDOWS\SYSTEM32\POWRPROF.dll
0x00007ffbff010000 - 0x00007ffbff046000 	C:\WINDOWS\SYSTEM32\WINMM.dll
0x00007ffbfa580000 - 0x00007ffbfa58b000 	C:\WINDOWS\SYSTEM32\VERSION.dll
0x00007ffc015a0000 - 0x00007ffc015b4000 	C:\WINDOWS\SYSTEM32\UMPDC.dll
0x00007ffc00c80000 - 0x00007ffc00c9a000 	C:\WINDOWS\SYSTEM32\kernel.appcore.dll
0x00007ffbf80d0000 - 0x00007ffbf80da000 	C:\Users\Quyet Guic\.jdks\ms-17.0.20\bin\jimage.dll
0x00007ffbbfd10000 - 0x00007ffbbff51000 	C:\WINDOWS\SYSTEM32\DBGHELP.DLL
0x00007ffc036a0000 - 0x00007ffc03a15000 	C:\WINDOWS\System32\combase.dll
0x00007ffc03e40000 - 0x00007ffc03f16000 	C:\WINDOWS\System32\OLEAUT32.dll
0x00007ffbf3040000 - 0x00007ffbf3079000 	C:\WINDOWS\SYSTEM32\dbgcore.DLL
0x00007ffc01db0000 - 0x00007ffc01e49000 	C:\WINDOWS\System32\bcryptPrimitives.dll
0x00007ffbf8040000 - 0x00007ffbf804f000 	C:\Users\Quyet Guic\.jdks\ms-17.0.20\bin\instrument.dll
0x00007ffbe8410000 - 0x00007ffbe8436000 	C:\Users\Quyet Guic\.jdks\ms-17.0.20\bin\java.dll
0x00007ffbd6f00000 - 0x00007ffbd6fd6000 	C:\Users\Quyet Guic\.jdks\ms-17.0.20\bin\jsvml.dll
0x00007ffc03f20000 - 0x00007ffc04606000 	C:\WINDOWS\System32\SHELL32.dll
0x00007ffbffcc0000 - 0x00007ffc004e2000 	C:\WINDOWS\SYSTEM32\windows.storage.dll
0x00007ffc04790000 - 0x00007ffc04863000 	C:\WINDOWS\System32\SHCORE.dll
0x00007ffc02820000 - 0x00007ffc0287d000 	C:\WINDOWS\System32\shlwapi.dll
0x00007ffc01cd0000 - 0x00007ffc01cf4000 	C:\WINDOWS\SYSTEM32\profapi.dll
0x00007ffbe8cf0000 - 0x00007ffbe8d08000 	C:\Users\Quyet Guic\.jdks\ms-17.0.20\bin\zip.dll
0x00007ffbe80c0000 - 0x00007ffbe80db000 	C:\Users\Quyet Guic\.jdks\ms-17.0.20\bin\net.dll
0x00007ffbfa310000 - 0x00007ffbfa42d000 	C:\WINDOWS\SYSTEM32\WINHTTP.dll
0x00007ffc01140000 - 0x00007ffc011a8000 	C:\WINDOWS\system32\mswsock.dll
0x00007ffbe80a0000 - 0x00007ffbe80b6000 	C:\Users\Quyet Guic\.jdks\ms-17.0.20\bin\nio.dll
0x00007ffbf7fb0000 - 0x00007ffbf7fc0000 	C:\Users\Quyet Guic\.jdks\ms-17.0.20\bin\verify.dll
0x00007ffbf85d0000 - 0x00007ffbf85f7000 	C:\Users\Quyet Guic\.gradle\native\660c5614fbf4a5f2a75b1949f50a0caf5cd603558e7d8a26e50b933a0cfb79d1\windows-amd64\native-platform.dll
0x00007ffbde2e0000 - 0x00007ffbde357000 	C:\Users\Quyet Guic\.gradle\native\0.2.8\x86_64-windows-gnu\gradle-fileevents.dll
0x00007ffbf7600000 - 0x00007ffbf760a000 	C:\Users\Quyet Guic\.jdks\ms-17.0.20\bin\management.dll
0x00007ffbf5a60000 - 0x00007ffbf5a6c000 	C:\Users\Quyet Guic\.jdks\ms-17.0.20\bin\management_ext.dll
0x00007ffc03c00000 - 0x00007ffc03c08000 	C:\WINDOWS\System32\PSAPI.DLL
0x00007ffc006c0000 - 0x00007ffc006f0000 	C:\WINDOWS\SYSTEM32\IPHLPAPI.DLL
0x00007ffc03bf0000 - 0x00007ffc03bfa000 	C:\WINDOWS\System32\NSI.dll
0x00007ffbf6910000 - 0x00007ffbf692d000 	C:\WINDOWS\SYSTEM32\dhcpcsvc6.DLL
0x00007ffbf68e0000 - 0x00007ffbf6904000 	C:\WINDOWS\SYSTEM32\dhcpcsvc.DLL
0x00007ffc00700000 - 0x00007ffc0081d000 	C:\WINDOWS\SYSTEM32\DNSAPI.dll
0x00007ffbf3d90000 - 0x00007ffbf3d99000 	C:\Users\Quyet Guic\.jdks\ms-17.0.20\bin\extnet.dll
0x00007ffc013c0000 - 0x00007ffc013dc000 	C:\WINDOWS\SYSTEM32\CRYPTSP.dll
0x00007ffc00be0000 - 0x00007ffc00c18000 	C:\WINDOWS\system32\rsaenh.dll
0x00007ffc011e0000 - 0x00007ffc0120b000 	C:\WINDOWS\SYSTEM32\USERENV.dll
0x00007ffc01720000 - 0x00007ffc01746000 	C:\WINDOWS\SYSTEM32\bcrypt.dll
0x00007ffc013e0000 - 0x00007ffc013ec000 	C:\WINDOWS\SYSTEM32\CRYPTBASE.dll
0x00007ffbf3320000 - 0x00007ffbf332e000 	C:\Users\Quyet Guic\.jdks\ms-17.0.20\bin\sunmscapi.dll
0x00007ffc02620000 - 0x00007ffc02796000 	C:\WINDOWS\System32\CRYPT32.dll
0x00007ffc016e0000 - 0x00007ffc01710000 	C:\WINDOWS\SYSTEM32\ncrypt.dll
0x00007ffc01630000 - 0x00007ffc0166f000 	C:\WINDOWS\SYSTEM32\NTASN1.dll
0x00007ffbfa540000 - 0x00007ffbfa548000 	C:\WINDOWS\system32\wshunix.dll
0x00007ffbf7b50000 - 0x00007ffbf7b85000 	C:\WINDOWS\SYSTEM32\ntmarta.dll
0x00007ffbfa490000 - 0x00007ffbfa4a8000 	C:\WINDOWS\system32\napinsp.dll
0x00007ffbf7f00000 - 0x00007ffbf7f12000 	C:\WINDOWS\System32\winrnr.dll
0x00007ffbf6c10000 - 0x00007ffbf6c32000 	C:\WINDOWS\system32\nlansp_c.dll
0x00007ffbe8520000 - 0x00007ffbe8536000 	C:\WINDOWS\system32\wshbth.dll
0x00007ffbf70a0000 - 0x00007ffbf70ab000 	C:\Windows\System32\rasadhlp.dll
0x00007ffbf6b00000 - 0x00007ffbf6b85000 	C:\WINDOWS\System32\fwpuclnt.dll
0x00007ffbfeec0000 - 0x00007ffbfeede000 	C:\Users\Quyet Guic\AppData\Local\Temp\native-platform4871828887078403013dir\native-platform.dll
0x00007ffbf4a50000 - 0x00007ffbf4a57000 	C:\Users\Quyet Guic\.jdks\ms-17.0.20\bin\rmi.dll

dbghelp: loaded successfully - version: 4.0.5 - missing functions: none
symbol engine: initialized successfully - sym options: 0x614 - pdb path: .;C:\Users\Quyet Guic\.jdks\ms-17.0.20\bin;C:\WINDOWS\SYSTEM32;C:\WINDOWS\WinSxS\amd64_microsoft.windows.common-controls_6595b64144ccf1df_6.0.26100.712_none_4446894f1c2e6cc3;C:\Program Files\Windhawk\Engine\1.7.3\64;C:\Users\Quyet Guic\.jdks\ms-17.0.20\bin\server;C:\Users\Quyet Guic\.gradle\native\660c5614fbf4a5f2a75b1949f50a0caf5cd603558e7d8a26e50b933a0cfb79d1\windows-amd64;C:\Users\Quyet Guic\.gradle\native\0.2.8\x86_64-windows-gnu;C:\Users\Quyet Guic\AppData\Local\Temp\native-platform4871828887078403013dir

VM Arguments:
jvm_args: --add-opens=java.base/java.lang=ALL-UNNAMED --add-opens=java.base/java.lang.invoke=ALL-UNNAMED --add-opens=java.base/java.util=ALL-UNNAMED --add-opens=java.prefs/java.util.prefs=ALL-UNNAMED --add-exports=jdk.compiler/com.sun.tools.javac.api=ALL-UNNAMED --add-exports=jdk.compiler/com.sun.tools.javac.util=ALL-UNNAMED --add-opens=java.base/java.util=ALL-UNNAMED --add-opens=java.prefs/java.util.prefs=ALL-UNNAMED --add-opens=java.base/java.nio.charset=ALL-UNNAMED --add-opens=java.base/java.net=ALL-UNNAMED --add-opens=java.base/java.util.concurrent=ALL-UNNAMED --add-opens=java.base/java.util.concurrent.atomic=ALL-UNNAMED --add-opens=java.xml/javax.xml.namespace=ALL-UNNAMED --add-opens=java.base/java.time=ALL-UNNAMED -Xmx2048m -Dfile.encoding=UTF-8 -Duser.country=VN -Duser.language=vi -Duser.variant -javaagent:C:\Users\Quyet Guic\.gradle\wrapper\dists\gradle-9.3.0-bin\79n14ral3mx1ozqr3csh2u872\gradle-9.3.0\lib\agents\gradle-instrumentation-agent-9.3.0.jar 
java_command: org.gradle.launcher.daemon.bootstrap.GradleDaemon 9.3.0
java_class_path (initial): C:\Users\Quyet Guic\.gradle\wrapper\dists\gradle-9.3.0-bin\79n14ral3mx1ozqr3csh2u872\gradle-9.3.0\lib\gradle-daemon-main-9.3.0.jar
Launcher Type: SUN_STANDARD

[Global flags]
     intx CICompilerCount                          = 3                                         {product} {ergonomic}
     uint ConcGCThreads                            = 1                                         {product} {ergonomic}
     uint G1ConcRefinementThreads                  = 4                                         {product} {ergonomic}
   size_t G1HeapRegionSize                         = 1048576                                   {product} {ergonomic}
    uintx GCDrainStackTargetSize                   = 64                                        {product} {ergonomic}
   size_t InitialHeapSize                          = 134217728                                 {product} {ergonomic}
   size_t MarkStackSize                            = 4194304                                   {product} {ergonomic}
   size_t MaxHeapSize                              = 2147483648                                {product} {command line}
   size_t MaxNewSize                               = 1287651328                                {product} {ergonomic}
   size_t MinHeapDeltaBytes                        = 1048576                                   {product} {ergonomic}
   size_t MinHeapSize                              = 8388608                                   {product} {ergonomic}
    uintx NonNMethodCodeHeapSize                   = 5832780                                {pd product} {ergonomic}
    uintx NonProfiledCodeHeapSize                  = 122912730                              {pd product} {ergonomic}
    uintx ProfiledCodeHeapSize                     = 122912730                              {pd product} {ergonomic}
    uintx ReservedCodeCacheSize                    = 251658240                              {pd product} {ergonomic}
     bool SegmentedCodeCache                       = true                                      {product} {ergonomic}
   size_t SoftMaxHeapSize                          = 2147483648                             {manageable} {ergonomic}
     bool UseCompressedClassPointers               = true                           {product lp64_product} {ergonomic}
     bool UseCompressedOops                        = true                           {product lp64_product} {ergonomic}
     bool UseG1GC                                  = true                                      {product} {ergonomic}
     bool UseLargePagesIndividualAllocation        = false                                  {pd product} {ergonomic}

Logging:
Log output configuration:
 #0: stdout all=warning uptime,level,tags
 #1: stderr all=off uptime,level,tags

Environment Variables:
PATH=C:\WINDOWS\system32;C:\WINDOWS;C:\WINDOWS\System32\Wbem;C:\WINDOWS\System32\WindowsPowerShell\v1.0\;C:\WINDOWS\System32\OpenSSH\;D:\APP\xampp\php;C:\ProgramData\ComposerSetup\bin;C:\Program Files\nodejs\;C:\Users\Quyet Guic\AppData\Local\Microsoft\WindowsApps;C:\Users\Quyet Guic\AppData\Local\Programs\Microsoft VS Code\bin;D:\APP\xampp\php;C:\Users\Quyet Guic\AppData\Roaming\Composer\vendor\bin;C:\Users\Quyet Guic\AppData\Roaming\npm
USERNAME=Quyet Guic
OS=Windows_NT
PROCESSOR_IDENTIFIER=Intel64 Family 6 Model 58 Stepping 9, GenuineIntel
TMP=C:\Users\QUYETG~1\AppData\Local\Temp
TEMP=C:\Users\QUYETG~1\AppData\Local\Temp



Periodic native trim disabled


---------------  S Y S T E M  ---------------

OS:
 Windows 11 , 64 bit Build 26100 (10.0.26100.712)
OS uptime: 3 days 20:42 hours

CPU: total 4 (initial active 4) (4 cores per cpu, 1 threads per core) family 6 model 58 stepping 9 microcode 0x21, cx8, cmov, fxsr, mmx, sse, sse2, sse3, ssse3, sse4.1, sse4.2, popcnt, tsc, tscinvbit, avx, aes, erms, clmul, vzeroupper, clflush
Processor Information for the first 4 processors :
  Max Mhz: 3501, Current Mhz: 3501, Mhz Limit: 3501

Memory: 4k page, system-wide physical 8157M (503M free)
TotalPageFile size 15700M (AvailPageFile size 163M)
current process WorkingSet (physical memory assigned to process): 981M, peak: 1112M
current process commit charge ("private bytes"): 1279M, peak: 1567M

vm_info: OpenJDK 64-Bit Server VM (17.0.20+8-LTS) for windows-amd64 JRE (17.0.20+8-LTS), built on Jul 14 2026 18:14:29 by "MicrosoftCorporation" with MS VC++ 17.14 (VS2022)

END.
